<?xml version="1.0" encoding="UTF-8"?>
<spirit:component xmlns:xilinx="http://www.xilinx.com" xmlns:spirit="http://www.spiritconsortium.org/XMLSchema/SPIRIT/1685-2009" xmlns:xsi="http://www.w3.org/2001/XMLSchema-instance">
  <spirit:vendor>xilinx.com</spirit:vendor>
  <spirit:library>user</spirit:library>
  <spirit:name>modulo_conversor</spirit:name>
  <spirit:version>1.0</spirit:version>
  <spirit:busInterfaces>
    <spirit:busInterface>
      <spirit:name>clk</spirit:name>
      <spirit:busType spirit:vendor="xilinx.com" spirit:library="signal" spirit:name="clock" spirit:version="1.0"/>
      <spirit:abstractionType spirit:vendor="xilinx.com" spirit:library="signal" spirit:name="clock_rtl" spirit:version="1.0"/>
      <spirit:slave/>
      <spirit:portMaps>
        <spirit:portMap>
          <spirit:logicalPort>
            <spirit:name>CLK</spirit:name>
          </spirit:logicalPort>
          <spirit:physicalPort>
            <spirit:name>clk</spirit:name>
          </spirit:physicalPort>
        </spirit:portMap>
      </spirit:portMaps>
    </spirit:busInterface>
  </spirit:busInterfaces>
  <spirit:model>
    <spirit:views>
      <spirit:view>
        <spirit:name>xilinx_anylanguagesynthesis</spirit:name>
        <spirit:displayName>Synthesis</spirit:displayName>
        <spirit:envIdentifier>:vivado.xilinx.com:synthesis</spirit:envIdentifier>
        <spirit:language>VHDL</spirit:language>
        <spirit:modelName>modulo_conversor</spirit:modelName>
        <spirit:fileSetRef>
          <spirit:localName>xilinx_anylanguagesynthesis_view_fileset</spirit:localName>
        </spirit:fileSetRef>
        <spirit:parameters>
          <spirit:parameter>
            <spirit:name>viewChecksum</spirit:name>
            <spirit:value>f029654b</spirit:value>
          </spirit:parameter>
        </spirit:parameters>
      </spirit:view>
      <spirit:view>
        <spirit:name>xilinx_anylanguagebehavioralsimulation</spirit:name>
        <spirit:displayName>Simulation</spirit:displayName>
        <spirit:envIdentifier>:vivado.xilinx.com:simulation</spirit:envIdentifier>
        <spirit:language>VHDL</spirit:language>
        <spirit:modelName>modulo_conversor</spirit:modelName>
        <spirit:fileSetRef>
          <spirit:localName>xilinx_anylanguagebehavioralsimulation_view_fileset</spirit:localName>
        </spirit:fileSetRef>
        <spirit:parameters>
          <spirit:parameter>
            <spirit:name>viewChecksum</spirit:name>
            <spirit:value>f029654b</spirit:value>
          </spirit:parameter>
        </spirit:parameters>
      </spirit:view>
      <spirit:view>
        <spirit:name>xilinx_xpgui</spirit:name>
        <spirit:displayName>UI Layout</spirit:displayName>
        <spirit:envIdentifier>:vivado.xilinx.com:xgui.ui</spirit:envIdentifier>
        <spirit:fileSetRef>
          <spirit:localName>xilinx_xpgui_view_fileset</spirit:localName>
        </spirit:fileSetRef>
        <spirit:parameters>
          <spirit:parameter>
            <spirit:name>viewChecksum</spirit:name>
            <spirit:value>7157c4e6</spirit:value>
          </spirit:parameter>
        </spirit:parameters>
      </spirit:view>
      <spirit:view>
        <spirit:name>xilinx_testbench</spirit:name>
        <spirit:displayName>Test Bench</spirit:displayName>
        <spirit:envIdentifier>:vivado.xilinx.com:simulation.testbench</spirit:envIdentifier>
        <spirit:modelName>sim_conversion</spirit:modelName>
        <spirit:fileSetRef>
          <spirit:localName>xilinx_testbench_view_fileset</spirit:localName>
        </spirit:fileSetRef>
        <spirit:parameters>
          <spirit:parameter>
            <spirit:name>viewChecksum</spirit:name>
            <spirit:value>0509c3d8</spirit:value>
          </spirit:parameter>
        </spirit:parameters>
      </spirit:view>
    </spirit:views>
    <spirit:ports>
      <spirit:port>
        <spirit:name>sw</spirit:name>
        <spirit:wire>
          <spirit:direction>in</spirit:direction>
          <spirit:vector>
            <spirit:left spirit:format="long">3</spirit:left>
            <spirit:right spirit:format="long">0</spirit:right>
          </spirit:vector>
          <spirit:wireTypeDefs>
            <spirit:wireTypeDef>
              <spirit:typeName>std_logic_vector</spirit:typeName>
              <spirit:viewNameRef>xilinx_anylanguagesynthesis</spirit:viewNameRef>
              <spirit:viewNameRef>xilinx_anylanguagebehavioralsimulation</spirit:viewNameRef>
            </spirit:wireTypeDef>
          </spirit:wireTypeDefs>
        </spirit:wire>
      </spirit:port>
      <spirit:port>
        <spirit:name>btn</spirit:name>
        <spirit:wire>
          <spirit:direction>in</spirit:direction>
          <spirit:vector>
            <spirit:left spirit:format="long">1</spirit:left>
            <spirit:right spirit:format="long">0</spirit:right>
          </spirit:vector>
          <spirit:wireTypeDefs>
            <spirit:wireTypeDef>
              <spirit:typeName>std_logic_vector</spirit:typeName>
              <spirit:viewNameRef>xilinx_anylanguagesynthesis</spirit:viewNameRef>
              <spirit:viewNameRef>xilinx_anylanguagebehavioralsimulation</spirit:viewNameRef>
            </spirit:wireTypeDef>
          </spirit:wireTypeDefs>
        </spirit:wire>
      </spirit:port>
      <spirit:port>
        <spirit:name>clk</spirit:name>
        <spirit:wire>
          <spirit:direction>in</spirit:direction>
          <spirit:wireTypeDefs>
            <spirit:wireTypeDef>
              <spirit:typeName>std_logic</spirit:typeName>
              <spirit:viewNameRef>xilinx_anylanguagesynthesis</spirit:viewNameRef>
              <spirit:viewNameRef>xilinx_anylanguagebehavioralsimulation</spirit:viewNameRef>
            </spirit:wireTypeDef>
          </spirit:wireTypeDefs>
        </spirit:wire>
      </spirit:port>
      <spirit:port>
        <spirit:name>vio_hora_actual</spirit:name>
        <spirit:wire>
          <spirit:direction>in</spirit:direction>
          <spirit:vector>
            <spirit:left spirit:format="long">7</spirit:left>
            <spirit:right spirit:format="long">0</spirit:right>
          </spirit:vector>
          <spirit:wireTypeDefs>
            <spirit:wireTypeDef>
              <spirit:typeName>std_logic_vector</spirit:typeName>
              <spirit:viewNameRef>xilinx_anylanguagesynthesis</spirit:viewNameRef>
              <spirit:viewNameRef>xilinx_anylanguagebehavioralsimulation</spirit:viewNameRef>
            </spirit:wireTypeDef>
          </spirit:wireTypeDefs>
          <spirit:driver>
            <spirit:defaultValue spirit:format="bitString" spirit:bitStringLength="8">0x00</spirit:defaultValue>
          </spirit:driver>
        </spirit:wire>
      </spirit:port>
      <spirit:port>
        <spirit:name>vio_minuto_actual</spirit:name>
        <spirit:wire>
          <spirit:direction>in</spirit:direction>
          <spirit:vector>
            <spirit:left spirit:format="long">7</spirit:left>
            <spirit:right spirit:format="long">0</spirit:right>
          </spirit:vector>
          <spirit:wireTypeDefs>
            <spirit:wireTypeDef>
              <spirit:typeName>std_logic_vector</spirit:typeName>
              <spirit:viewNameRef>xilinx_anylanguagesynthesis</spirit:viewNameRef>
              <spirit:viewNameRef>xilinx_anylanguagebehavioralsimulation</spirit:viewNameRef>
            </spirit:wireTypeDef>
          </spirit:wireTypeDefs>
          <spirit:driver>
            <spirit:defaultValue spirit:format="bitString" spirit:bitStringLength="8">0x00</spirit:defaultValue>
          </spirit:driver>
        </spirit:wire>
      </spirit:port>
      <spirit:port>
        <spirit:name>vio_indice</spirit:name>
        <spirit:wire>
          <spirit:direction>in</spirit:direction>
          <spirit:vector>
            <spirit:left spirit:format="long">7</spirit:left>
            <spirit:right spirit:format="long">0</spirit:right>
          </spirit:vector>
          <spirit:wireTypeDefs>
            <spirit:wireTypeDef>
              <spirit:typeName>std_logic_vector</spirit:typeName>
              <spirit:viewNameRef>xilinx_anylanguagesynthesis</spirit:viewNameRef>
              <spirit:viewNameRef>xilinx_anylanguagebehavioralsimulation</spirit:viewNameRef>
            </spirit:wireTypeDef>
          </spirit:wireTypeDefs>
          <spirit:driver>
            <spirit:defaultValue spirit:format="bitString" spirit:bitStringLength="8">0x00</spirit:defaultValue>
          </spirit:driver>
        </spirit:wire>
      </spirit:port>
      <spirit:port>
        <spirit:name>bit_signo_RAM</spirit:name>
        <spirit:wire>
          <spirit:direction>in</spirit:direction>
          <spirit:wireTypeDefs>
            <spirit:wireTypeDef>
              <spirit:typeName>std_logic</spirit:typeName>
              <spirit:viewNameRef>xilinx_anylanguagesynthesis</spirit:viewNameRef>
              <spirit:viewNameRef>xilinx_anylanguagebehavioralsimulation</spirit:viewNameRef>
            </spirit:wireTypeDef>
          </spirit:wireTypeDefs>
          <spirit:driver>
            <spirit:defaultValue spirit:format="bitString" spirit:bitStringLength="1">0x0</spirit:defaultValue>
          </spirit:driver>
        </spirit:wire>
      </spirit:port>
      <spirit:port>
        <spirit:name>diferencia_hora_RAM</spirit:name>
        <spirit:wire>
          <spirit:direction>in</spirit:direction>
          <spirit:vector>
            <spirit:left spirit:format="long">7</spirit:left>
            <spirit:right spirit:format="long">0</spirit:right>
          </spirit:vector>
          <spirit:wireTypeDefs>
            <spirit:wireTypeDef>
              <spirit:typeName>std_logic_vector</spirit:typeName>
              <spirit:viewNameRef>xilinx_anylanguagesynthesis</spirit:viewNameRef>
              <spirit:viewNameRef>xilinx_anylanguagebehavioralsimulation</spirit:viewNameRef>
            </spirit:wireTypeDef>
          </spirit:wireTypeDefs>
          <spirit:driver>
            <spirit:defaultValue spirit:format="bitString" spirit:bitStringLength="8">0x00</spirit:defaultValue>
          </spirit:driver>
        </spirit:wire>
      </spirit:port>
      <spirit:port>
        <spirit:name>address_RAM</spirit:name>
        <spirit:wire>
          <spirit:direction>out</spirit:direction>
          <spirit:vector>
            <spirit:left spirit:format="long">7</spirit:left>
            <spirit:right spirit:format="long">0</spirit:right>
          </spirit:vector>
          <spirit:wireTypeDefs>
            <spirit:wireTypeDef>
              <spirit:typeName>std_logic_vector</spirit:typeName>
              <spirit:viewNameRef>xilinx_anylanguagesynthesis</spirit:viewNameRef>
              <spirit:viewNameRef>xilinx_anylanguagebehavioralsimulation</spirit:viewNameRef>
            </spirit:wireTypeDef>
          </spirit:wireTypeDefs>
          <spirit:driver>
            <spirit:defaultValue spirit:format="bitString" spirit:bitStringLength="8">0x00</spirit:defaultValue>
          </spirit:driver>
        </spirit:wire>
      </spirit:port>
      <spirit:port>
        <spirit:name>hora_actual_in</spirit:name>
        <spirit:wire>
          <spirit:direction>in</spirit:direction>
          <spirit:vector>
            <spirit:left spirit:format="long">7</spirit:left>
            <spirit:right spirit:format="long">0</spirit:right>
          </spirit:vector>
          <spirit:wireTypeDefs>
            <spirit:wireTypeDef>
              <spirit:typeName>std_logic_vector</spirit:typeName>
              <spirit:viewNameRef>xilinx_anylanguagesynthesis</spirit:viewNameRef>
              <spirit:viewNameRef>xilinx_anylanguagebehavioralsimulation</spirit:viewNameRef>
            </spirit:wireTypeDef>
          </spirit:wireTypeDefs>
          <spirit:driver>
            <spirit:defaultValue spirit:format="bitString" spirit:bitStringLength="8">0x00</spirit:defaultValue>
          </spirit:driver>
        </spirit:wire>
      </spirit:port>
      <spirit:port>
        <spirit:name>hora_actual_out</spirit:name>
        <spirit:wire>
          <spirit:direction>out</spirit:direction>
          <spirit:vector>
            <spirit:left spirit:format="long">7</spirit:left>
            <spirit:right spirit:format="long">0</spirit:right>
          </spirit:vector>
          <spirit:wireTypeDefs>
            <spirit:wireTypeDef>
              <spirit:typeName>std_logic_vector</spirit:typeName>
              <spirit:viewNameRef>xilinx_anylanguagesynthesis</spirit:viewNameRef>
              <spirit:viewNameRef>xilinx_anylanguagebehavioralsimulation</spirit:viewNameRef>
            </spirit:wireTypeDef>
          </spirit:wireTypeDefs>
          <spirit:driver>
            <spirit:defaultValue spirit:format="bitString" spirit:bitStringLength="8">0x00</spirit:defaultValue>
          </spirit:driver>
        </spirit:wire>
      </spirit:port>
      <spirit:port>
        <spirit:name>minuto_actual_out</spirit:name>
        <spirit:wire>
          <spirit:direction>out</spirit:direction>
          <spirit:vector>
            <spirit:left spirit:format="long">7</spirit:left>
            <spirit:right spirit:format="long">0</spirit:right>
          </spirit:vector>
          <spirit:wireTypeDefs>
            <spirit:wireTypeDef>
              <spirit:typeName>std_logic_vector</spirit:typeName>
              <spirit:viewNameRef>xilinx_anylanguagesynthesis</spirit:viewNameRef>
              <spirit:viewNameRef>xilinx_anylanguagebehavioralsimulation</spirit:viewNameRef>
            </spirit:wireTypeDef>
          </spirit:wireTypeDefs>
          <spirit:driver>
            <spirit:defaultValue spirit:format="bitString" spirit:bitStringLength="8">0x00</spirit:defaultValue>
          </spirit:driver>
        </spirit:wire>
      </spirit:port>
      <spirit:port>
        <spirit:name>resultado</spirit:name>
        <spirit:wire>
          <spirit:direction>out</spirit:direction>
          <spirit:vector>
            <spirit:left spirit:format="long">7</spirit:left>
            <spirit:right spirit:format="long">0</spirit:right>
          </spirit:vector>
          <spirit:wireTypeDefs>
            <spirit:wireTypeDef>
              <spirit:typeName>std_logic_vector</spirit:typeName>
              <spirit:viewNameRef>xilinx_anylanguagesynthesis</spirit:viewNameRef>
              <spirit:viewNameRef>xilinx_anylanguagebehavioralsimulation</spirit:viewNameRef>
            </spirit:wireTypeDef>
          </spirit:wireTypeDefs>
          <spirit:driver>
            <spirit:defaultValue spirit:format="bitString" spirit:bitStringLength="8">0x00</spirit:defaultValue>
          </spirit:driver>
        </spirit:wire>
      </spirit:port>
    </spirit:ports>
  </spirit:model>
  <spirit:fileSets>
    <spirit:fileSet>
      <spirit:name>xilinx_anylanguagesynthesis_view_fileset</spirit:name>
      <spirit:file>
        <spirit:name>conversion_hora.vhd</spirit:name>
        <spirit:fileType>vhdlSource</spirit:fileType>
      </spirit:file>
      <spirit:file>
        <spirit:name>distribucion_datos.vhd</spirit:name>
        <spirit:fileType>vhdlSource</spirit:fileType>
      </spirit:file>
      <spirit:file>
        <spirit:name>driver_VIO.vhd</spirit:name>
        <spirit:fileType>vhdlSource</spirit:fileType>
      </spirit:file>
      <spirit:file>
        <spirit:name>recepcion_datos.vhd</spirit:name>
        <spirit:fileType>vhdlSource</spirit:fileType>
      </spirit:file>
      <spirit:file>
        <spirit:name>modulo_conversor.vhd</spirit:name>
        <spirit:fileType>vhdlSource</spirit:fileType>
        <spirit:userFileType>CHECKSUM_8f51f0e1</spirit:userFileType>
      </spirit:file>
    </spirit:fileSet>
    <spirit:fileSet>
      <spirit:name>xilinx_anylanguagebehavioralsimulation_view_fileset</spirit:name>
      <spirit:file>
        <spirit:name>conversion_hora.vhd</spirit:name>
        <spirit:fileType>vhdlSource</spirit:fileType>
      </spirit:file>
      <spirit:file>
        <spirit:name>distribucion_datos.vhd</spirit:name>
        <spirit:fileType>vhdlSource</spirit:fileType>
      </spirit:file>
      <spirit:file>
        <spirit:name>driver_VIO.vhd</spirit:name>
        <spirit:fileType>vhdlSource</spirit:fileType>
      </spirit:file>
      <spirit:file>
        <spirit:name>recepcion_datos.vhd</spirit:name>
        <spirit:fileType>vhdlSource</spirit:fileType>
      </spirit:file>
      <spirit:file>
        <spirit:name>modulo_conversor.vhd</spirit:name>
        <spirit:fileType>vhdlSource</spirit:fileType>
      </spirit:file>
    </spirit:fileSet>
    <spirit:fileSet>
      <spirit:name>xilinx_xpgui_view_fileset</spirit:name>
      <spirit:file>
        <spirit:name>xgui/modulo_conversor_v1_0.tcl</spirit:name>
        <spirit:fileType>tclSource</spirit:fileType>
        <spirit:userFileType>CHECKSUM_7157c4e6</spirit:userFileType>
        <spirit:userFileType>XGUI_VERSION_2</spirit:userFileType>
      </spirit:file>
    </spirit:fileSet>
    <spirit:fileSet>
      <spirit:name>xilinx_testbench_view_fileset</spirit:name>
      <spirit:file>
        <spirit:name>../../sim_1/new/sim_conversion.vhd</spirit:name>
        <spirit:fileType>vhdlSource</spirit:fileType>
        <spirit:userFileType>USED_IN_simulation</spirit:userFileType>
        <spirit:userFileType>USED_IN_testbench</spirit:userFileType>
      </spirit:file>
    </spirit:fileSet>
  </spirit:fileSets>
  <spirit:description>modulo_conversor_v1_0</spirit:description>
  <spirit:parameters>
    <spirit:parameter>
      <spirit:name>Component_Name</spirit:name>
      <spirit:value spirit:resolve="user" spirit:id="PARAM_VALUE.Component_Name" spirit:order="1">modulo_conversor_v1_0</spirit:value>
    </spirit:parameter>
    <spirit:parameter>
      <spirit:name>MODO_VIO_INICIAL</spirit:name>
      <spirit:displayName>Modo Vio Inicial</spirit:displayName>
      <spirit:value spirit:format="bool" spirit:resolve="user" spirit:id="PARAM_VALUE.MODO_VIO_INICIAL">false</spirit:value>
    </spirit:parameter>
  </spirit:parameters>
  <spirit:vendorExtensions>
    <xilinx:coreExtensions>
      <xilinx:supportedFamilies>
        <xilinx:family xilinx:lifeCycle="Production">zynq</xilinx:family>
        <xilinx:family xilinx:lifeCycle="Production">qzynq</xilinx:family>
        <xilinx:family xilinx:lifeCycle="Production">azynq</xilinx:family>
        <xilinx:family xilinx:lifeCycle="Production">zynquplus</xilinx:family>
        <xilinx:family xilinx:lifeCycle="Production">virtexuplus</xilinx:family>
        <xilinx:family xilinx:lifeCycle="Production">virtexuplusHBM</xilinx:family>
        <xilinx:family xilinx:lifeCycle="Production">kintexu</xilinx:family>
      </xilinx:supportedFamilies>
      <xilinx:taxonomies>
        <xilinx:taxonomy>/UserIP</xilinx:taxonomy>
      </xilinx:taxonomies>
      <xilinx:displayName>modulo_conversor_v1_0</xilinx:displayName>
      <xilinx:definitionSource>package_project</xilinx:definitionSource>
      <xilinx:coreRevision>21</xilinx:coreRevision>
      <xilinx:coreCreationDateTime>2024-05-12T00:28:05Z</xilinx:coreCreationDateTime>
      <xilinx:tags>
        <xilinx:tag xilinx:name="ui.data.coregen.dd@665891aa_ARCHIVE_LOCATION">c:/users/tomgu/desktop/semestre_9/sep/proyecto_1/ipcores/modulo_conversion/modulo_conversion.srcs/sources_1/new</xilinx:tag>
        <xilinx:tag xilinx:name="ui.data.coregen.dd@411d5292_ARCHIVE_LOCATION">c:/users/tomgu/desktop/semestre_9/sep/proyecto_1/ipcores/modulo_conversion/modulo_conversion.srcs/sources_1/new</xilinx:tag>
        <xilinx:tag xilinx:name="ui.data.coregen.dd@6ccb1b25_ARCHIVE_LOCATION">c:/users/tomgu/desktop/semestre_9/sep/proyecto_1/ipcores/modulo_conversion/modulo_conversion.srcs/sources_1/new</xilinx:tag>
        <xilinx:tag xilinx:name="ui.data.coregen.dd@3a859e9e_ARCHIVE_LOCATION">c:/users/tomgu/desktop/semestre_9/sep/proyecto_1/ipcores/modulo_conversion/modulo_conversion.srcs/sources_1/new</xilinx:tag>
        <xilinx:tag xilinx:name="ui.data.coregen.dd@4e3d892c_ARCHIVE_LOCATION">c:/users/tomgu/desktop/semestre_9/sep/proyecto_1/ipcores/modulo_conversion/modulo_conversion.srcs/sources_1/new</xilinx:tag>
        <xilinx:tag xilinx:name="ui.data.coregen.dd@55c90e7c_ARCHIVE_LOCATION">c:/Users/tomgu/Desktop/Semestre_9/SEP/Proyecto_1/IPCores/modulo_conversion/modulo_conversion.srcs/sources_1/new</xilinx:tag>
        <xilinx:tag xilinx:name="ui.data.coregen.dd@65bce4ff_ARCHIVE_LOCATION">c:/Users/tomgu/Desktop/Semestre_9/SEP/Proyecto_1/IPCores/modulo_conversion/modulo_conversion.srcs/sources_1/new</xilinx:tag>
        <xilinx:tag xilinx:name="ui.data.coregen.dd@4cd52b9_ARCHIVE_LOCATION">c:/Users/tomgu/Desktop/Semestre_9/SEP/Proyecto_1/IPCores/modulo_conversion/modulo_conversion.srcs/sources_1/new</xilinx:tag>
        <xilinx:tag xilinx:name="ui.data.coregen.dd@ff34144_ARCHIVE_LOCATION">c:/Users/tomgu/Desktop/Semestre_9/SEP/Proyecto_1/IPCores/modulo_conversion/modulo_conversion.srcs/sources_1/new</xilinx:tag>
        <xilinx:tag xilinx:name="ui.data.coregen.dd@38187475_ARCHIVE_LOCATION">c:/Users/tomgu/Desktop/Semestre_9/SEP/Proyecto_1/IPCores/modulo_conversion/modulo_conversion.srcs/sources_1/new</xilinx:tag>
        <xilinx:tag xilinx:name="ui.data.coregen.dd@7a5a3de7_ARCHIVE_LOCATION">c:/Users/tomgu/Desktop/Semestre_9/SEP/Proyecto_1/IPCores/modulo_conversion/modulo_conversion.srcs/sources_1/new</xilinx:tag>
        <xilinx:tag xilinx:name="ui.data.coregen.dd@675fc4d4_ARCHIVE_LOCATION">c:/Users/tomgu/Desktop/Semestre_9/SEP/Proyecto_1/IPCores/modulo_conversion/modulo_conversion.srcs/sources_1/new</xilinx:tag>
        <xilinx:tag xilinx:name="ui.data.coregen.dd@321180a3_ARCHIVE_LOCATION">c:/Users/tomgu/Desktop/Semestre_9/SEP/Proyecto_1/IPCores/modulo_conversion/modulo_conversion.srcs/sources_1/new</xilinx:tag>
        <xilinx:tag xilinx:name="ui.data.coregen.dd@3f96c0e8_ARCHIVE_LOCATION">c:/Users/tomgu/Desktop/Semestre_9/SEP/Proyecto_1/IPCores/modulo_conversion/modulo_conversion.srcs/sources_1/new</xilinx:tag>
        <xilinx:tag xilinx:name="ui.data.coregen.dd@22154622_ARCHIVE_LOCATION">c:/Users/tomgu/Desktop/Semestre_9/SEP/Proyecto_1/IPCores/modulo_conversion/modulo_conversion.srcs/sources_1/new</xilinx:tag>
        <xilinx:tag xilinx:name="ui.data.coregen.dd@7a8d1ff6_ARCHIVE_LOCATION">c:/Users/tomgu/Desktop/Semestre_9/SEP/Proyecto_1/IPCores/modulo_conversion/modulo_conversion.srcs/sources_1/new</xilinx:tag>
        <xilinx:tag xilinx:name="ui.data.coregen.dd@42692959_ARCHIVE_LOCATION">c:/Users/tomgu/Desktop/Semestre_9/SEP/Proyecto_1/IPCores/modulo_conversion/modulo_conversion.srcs/sources_1/new</xilinx:tag>
        <xilinx:tag xilinx:name="ui.data.coregen.dd@7701497_ARCHIVE_LOCATION">c:/Users/tomgu/Desktop/Semestre_9/SEP/Proyecto_1/IPCores/modulo_conversion/modulo_conversion.srcs/sources_1/new</xilinx:tag>
        <xilinx:tag xilinx:name="ui.data.coregen.dd@32dd138f_ARCHIVE_LOCATION">c:/Users/tomgu/Desktop/Semestre_9/SEP/Proyecto_1/IPCores/modulo_conversion/modulo_conversion.srcs/sources_1/new</xilinx:tag>
        <xilinx:tag xilinx:name="ui.data.coregen.dd@15ea8dc2_ARCHIVE_LOCATION">c:/Users/tomgu/Desktop/Semestre_9/SEP/Proyecto_1/IPCores/modulo_conversion/modulo_conversion.srcs/sources_1/new</xilinx:tag>
        <xilinx:tag xilinx:name="ui.data.coregen.dd@380315c7_ARCHIVE_LOCATION">c:/Users/tomgu/Desktop/Semestre_9/SEP/Proyecto_1/IPCores/modulo_conversion/modulo_conversion.srcs/sources_1/new</xilinx:tag>
        <xilinx:tag xilinx:name="ui.data.coregen.dd@2a2cd351_ARCHIVE_LOCATION">c:/Users/tomgu/Desktop/Semestre_9/SEP/Proyecto_1/IPCores/modulo_conversion/modulo_conversion.srcs/sources_1/new</xilinx:tag>
        <xilinx:tag xilinx:name="ui.data.coregen.dd@5f133b3f_ARCHIVE_LOCATION">c:/Users/tomgu/modulo_conversion/modulo_conversion.srcs/sources_1/new</xilinx:tag>
        <xilinx:tag xilinx:name="ui.data.coregen.dd@ecdf601_ARCHIVE_LOCATION">c:/Users/tomgu/modulo_conversion/modulo_conversion.srcs/sources_1/new</xilinx:tag>
        <xilinx:tag xilinx:name="ui.data.coregen.dd@62456c40_ARCHIVE_LOCATION">c:/Users/tomgu/modulo_conversion/modulo_conversion.srcs/sources_1/new</xilinx:tag>
        <xilinx:tag xilinx:name="ui.data.coregen.dd@5ae87f0f_ARCHIVE_LOCATION">c:/Users/tomgu/modulo_conversion/modulo_conversion.srcs/sources_1/new</xilinx:tag>
        <xilinx:tag xilinx:name="ui.data.coregen.dd@440c215c_ARCHIVE_LOCATION">c:/Users/tomgu/modulo_conversion/modulo_conversion.srcs/sources_1/new</xilinx:tag>
        <xilinx:tag xilinx:name="ui.data.coregen.dd@25247931_ARCHIVE_LOCATION">c:/Users/tomgu/modulo_conversion/modulo_conversion.srcs/sources_1/new</xilinx:tag>
        <xilinx:tag xilinx:name="ui.data.coregen.dd@49bdbc30_ARCHIVE_LOCATION">c:/Users/tomgu/modulo_conversion/modulo_conversion.srcs/sources_1/new</xilinx:tag>
        <xilinx:tag xilinx:name="ui.data.coregen.dd@22f68369_ARCHIVE_LOCATION">c:/Users/tomgu/modulo_conversion/modulo_conversion.srcs/sources_1/new</xilinx:tag>
        <xilinx:tag xilinx:name="ui.data.coregen.dd@db293e5_ARCHIVE_LOCATION">c:/Users/tomgu/modulo_conversion/modulo_conversion.srcs/sources_1/new</xilinx:tag>
        <xilinx:tag xilinx:name="ui.data.coregen.dd@da7f252_ARCHIVE_LOCATION">c:/Users/tomgu/modulo_conversion/modulo_conversion.srcs/sources_1/new</xilinx:tag>
        <xilinx:tag xilinx:name="ui.data.coregen.dd@2985fd71_ARCHIVE_LOCATION">c:/Users/tomgu/modulo_conversion/modulo_conversion.srcs/sources_1/new</xilinx:tag>
        <xilinx:tag xilinx:name="ui.data.coregen.dd@357a1b28_ARCHIVE_LOCATION">c:/Users/tomgu/modulo_conversion/modulo_conversion.srcs/sources_1/new</xilinx:tag>
        <xilinx:tag xilinx:name="ui.data.coregen.dd@5627649f_ARCHIVE_LOCATION">c:/Users/tomgu/modulo_conversion/modulo_conversion.srcs/sources_1/new</xilinx:tag>
        <xilinx:tag xilinx:name="ui.data.coregen.dd@625a1616_ARCHIVE_LOCATION">c:/Users/tomgu/modulo_conversion/modulo_conversion.srcs/sources_1/new</xilinx:tag>
        <xilinx:tag xilinx:name="ui.data.coregen.dd@18ea2837_ARCHIVE_LOCATION">c:/Users/tomgu/modulo_conversion/modulo_conversion.srcs/sources_1/new</xilinx:tag>
        <xilinx:tag xilinx:name="ui.data.coregen.dd@2a417ac7_ARCHIVE_LOCATION">c:/Users/tomgu/modulo_conversion/modulo_conversion.srcs/sources_1/new</xilinx:tag>
        <xilinx:tag xilinx:name="ui.data.coregen.dd@281798cb_ARCHIVE_LOCATION">c:/Users/tomgu/modulo_conversion/modulo_conversion.srcs/sources_1/new</xilinx:tag>
        <xilinx:tag xilinx:name="ui.data.coregen.dd@62557cff_ARCHIVE_LOCATION">c:/Users/tomgu/modulo_conversion/modulo_conversion.srcs/sources_1/new</xilinx:tag>
        <xilinx:tag xilinx:name="ui.data.coregen.dd@72775dc3_ARCHIVE_LOCATION">c:/Users/tomgu/modulo_conversion/modulo_conversion.srcs/sources_1/new</xilinx:tag>
        <xilinx:tag xilinx:name="ui.data.coregen.dd@19747afe_ARCHIVE_LOCATION">c:/Users/tomgu/modulo_conversion/modulo_conversion.srcs/sources_1/new</xilinx:tag>
        <xilinx:tag xilinx:name="ui.data.coregen.dd@46d009d7_ARCHIVE_LOCATION">c:/Users/tomgu/modulo_conversion/modulo_conversion.srcs/sources_1/new</xilinx:tag>
        <xilinx:tag xilinx:name="ui.data.coregen.dd@128763e8_ARCHIVE_LOCATION">c:/Users/tomgu/modulo_conversion/modulo_conversion.srcs/sources_1/new</xilinx:tag>
        <xilinx:tag xilinx:name="ui.data.coregen.dd@1a3e7acc_ARCHIVE_LOCATION">c:/Users/tomgu/modulo_conversion/modulo_conversion.srcs/sources_1/new</xilinx:tag>
        <xilinx:tag xilinx:name="ui.data.coregen.dd@77cadfe0_ARCHIVE_LOCATION">c:/Users/tomgu/modulo_conversion/modulo_conversion.srcs/sources_1/new</xilinx:tag>
        <xilinx:tag xilinx:name="ui.data.coregen.dd@800046e_ARCHIVE_LOCATION">c:/Users/tomgu/modulo_conversion/modulo_conversion.srcs/sources_1/new</xilinx:tag>
        <xilinx:tag xilinx:name="ui.data.coregen.dd@54b91062_ARCHIVE_LOCATION">c:/Users/tomgu/modulo_conversion/modulo_conversion.srcs/sources_1/new</xilinx:tag>
        <xilinx:tag xilinx:name="ui.data.coregen.dd@42c5ba40_ARCHIVE_LOCATION">c:/Users/tomgu/modulo_conversion/modulo_conversion.srcs/sources_1/new</xilinx:tag>
        <xilinx:tag xilinx:name="ui.data.coregen.dd@173a1913_ARCHIVE_LOCATION">c:/Users/tomgu/modulo_conversion/modulo_conversion.srcs/sources_1/new</xilinx:tag>
        <xilinx:tag xilinx:name="ui.data.coregen.dd@114ed3ca_ARCHIVE_LOCATION">c:/Users/tomgu/modulo_conversion/modulo_conversion.srcs/sources_1/new</xilinx:tag>
        <xilinx:tag xilinx:name="ui.data.coregen.dd@a5f88ad_ARCHIVE_LOCATION">c:/Users/tomgu/modulo_conversion/modulo_conversion.srcs/sources_1/new</xilinx:tag>
        <xilinx:tag xilinx:name="ui.data.coregen.dd@22a7a1ef_ARCHIVE_LOCATION">c:/Users/tomgu/modulo_conversion/modulo_conversion.srcs/sources_1/new</xilinx:tag>
        <xilinx:tag xilinx:name="ui.data.coregen.dd@769776ac_ARCHIVE_LOCATION">c:/Users/tomgu/modulo_conversion/modulo_conversion.srcs/sources_1/new</xilinx:tag>
        <xilinx:tag xilinx:name="ui.data.coregen.dd@759bf92_ARCHIVE_LOCATION">c:/Users/tomgu/modulo_conversion/modulo_conversion.srcs/sources_1/new</xilinx:tag>
        <xilinx:tag xilinx:name="ui.data.coregen.dd@366697d7_ARCHIVE_LOCATION">c:/Users/tomgu/modulo_conversion/modulo_conversion.srcs/sources_1/new</xilinx:tag>
        <xilinx:tag xilinx:name="ui.data.coregen.dd@b48d88e_ARCHIVE_LOCATION">c:/Users/tomgu/modulo_conversion/modulo_conversion.srcs/sources_1/new</xilinx:tag>
        <xilinx:tag xilinx:name="ui.data.coregen.dd@7e143def_ARCHIVE_LOCATION">c:/Users/tomgu/modulo_conversion/modulo_conversion.srcs/sources_1/new</xilinx:tag>
        <xilinx:tag xilinx:name="ui.data.coregen.dd@38ced7e2_ARCHIVE_LOCATION">c:/Users/tomgu/modulo_conversion/modulo_conversion.srcs/sources_1/new</xilinx:tag>
        <xilinx:tag xilinx:name="ui.data.coregen.dd@3899d761_ARCHIVE_LOCATION">c:/Users/tomgu/modulo_conversion/modulo_conversion.srcs/sources_1/new</xilinx:tag>
        <xilinx:tag xilinx:name="ui.data.coregen.dd@70165a00_ARCHIVE_LOCATION">c:/Users/tomgu/modulo_conversion/modulo_conversion.srcs/sources_1/new</xilinx:tag>
        <xilinx:tag xilinx:name="ui.data.coregen.dd@755ecf36_ARCHIVE_LOCATION">c:/Users/tomgu/modulo_conversion/modulo_conversion.srcs/sources_1/new</xilinx:tag>
        <xilinx:tag xilinx:name="ui.data.coregen.dd@1275adaa_ARCHIVE_LOCATION">c:/Users/tomgu/Desktop/Semestre_9/SEP/Proyecto_1/IPCores/modulo_conversion/modulo_conversion.srcs/sources_1/new</xilinx:tag>
        <xilinx:tag xilinx:name="ui.data.coregen.dd@2830cb8_ARCHIVE_LOCATION">c:/Users/tomgu/Desktop/Semestre_9/SEP/Proyecto_1/IPCores/modulo_conversion/modulo_conversion.srcs/sources_1/new</xilinx:tag>
        <xilinx:tag xilinx:name="ui.data.coregen.dd@193961a2_ARCHIVE_LOCATION">c:/Users/tomgu/Desktop/Semestre_9/SEP/Proyecto_1/IPCores/modulo_conversion/modulo_conversion.srcs/sources_1/new</xilinx:tag>
        <xilinx:tag xilinx:name="ui.data.coregen.dd@10d16850_ARCHIVE_LOCATION">c:/Users/tomgu/Desktop/Semestre_9/SEP/Proyecto_1/IPCores/modulo_conversion/modulo_conversion.srcs/sources_1/new</xilinx:tag>
        <xilinx:tag xilinx:name="ui.data.coregen.dd@7ac66ce1_ARCHIVE_LOCATION">c:/Users/tomgu/Desktop/Semestre_9/SEP/Proyecto_1/IPCores/modulo_conversion/modulo_conversion.srcs/sources_1/new</xilinx:tag>
        <xilinx:tag xilinx:name="ui.data.coregen.dd@5f36eb24_ARCHIVE_LOCATION">c:/Users/tomgu/Desktop/Semestre_9/SEP/Proyecto_1/IPCores/modulo_conversion/modulo_conversion.srcs/sources_1/new</xilinx:tag>
        <xilinx:tag xilinx:name="ui.data.coregen.dd@b2b2794_ARCHIVE_LOCATION">c:/Users/tomgu/Desktop/Semestre_9/SEP/Proyecto_1/IPCores/modulo_conversion/modulo_conversion.srcs/sources_1/new</xilinx:tag>
        <xilinx:tag xilinx:name="ui.data.coregen.dd@7d3ac0c5_ARCHIVE_LOCATION">c:/Users/tomgu/Desktop/Semestre_9/SEP/Proyecto_1/IPCores/modulo_conversion/modulo_conversion.srcs/sources_1/new</xilinx:tag>
        <xilinx:tag xilinx:name="ui.data.coregen.dd@18d69480_ARCHIVE_LOCATION">c:/Users/tomgu/Desktop/Semestre_9/SEP/Proyecto_1/IPCores/modulo_conversion/modulo_conversion.srcs/sources_1/new</xilinx:tag>
        <xilinx:tag xilinx:name="ui.data.coregen.dd@3c54eed7_ARCHIVE_LOCATION">c:/Users/tomgu/Desktop/Semestre_9/SEP/Proyecto_1/IPCores/modulo_conversion/modulo_conversion.srcs/sources_1/new</xilinx:tag>
        <xilinx:tag xilinx:name="ui.data.coregen.dd@1810ff31_ARCHIVE_LOCATION">c:/Users/tomgu/Desktop/Semestre_9/SEP/Proyecto_1/IPCores/modulo_conversion/modulo_conversion.srcs/sources_1/new</xilinx:tag>
        <xilinx:tag xilinx:name="ui.data.coregen.dd@6fc66990_ARCHIVE_LOCATION">c:/Users/tomgu/Desktop/Semestre_9/SEP/Proyecto_1/IPCores/modulo_conversion/modulo_conversion.srcs/sources_1/new</xilinx:tag>
        <xilinx:tag xilinx:name="ui.data.coregen.dd@12b214a_ARCHIVE_LOCATION">c:/Users/tomgu/Desktop/Semestre_9/SEP/Proyecto_1/IPCores/modulo_conversion/modulo_conversion.srcs/sources_1/new</xilinx:tag>
        <xilinx:tag xilinx:name="ui.data.coregen.dd@5c6f1476_ARCHIVE_LOCATION">c:/Users/tomgu/Desktop/Semestre_9/SEP/Proyecto_1/IPCores/modulo_conversion/modulo_conversion.srcs/sources_1/new</xilinx:tag>
        <xilinx:tag xilinx:name="ui.data.coregen.dd@492e544_ARCHIVE_LOCATION">c:/Users/tomgu/Desktop/Semestre_9/SEP/Proyecto_1/IPCores/modulo_conversion/modulo_conversion.srcs/sources_1/new</xilinx:tag>
        <xilinx:tag xilinx:name="ui.data.coregen.dd@d143624_ARCHIVE_LOCATION">c:/Users/tomgu/Desktop/Semestre_9/SEP/Proyecto_1/IPCores/modulo_conversion/modulo_conversion.srcs/sources_1/new</xilinx:tag>
        <xilinx:tag xilinx:name="ui.data.coregen.dd@1dab496b_ARCHIVE_LOCATION">c:/Users/tomgu/Desktop/Semestre_9/SEP/Proyecto_1/IPCores/modulo_conversion/modulo_conversion.srcs/sources_1/new</xilinx:tag>
        <xilinx:tag xilinx:name="ui.data.coregen.dd@6659dbc5_ARCHIVE_LOCATION">c:/Users/tomgu/Desktop/Semestre_9/SEP/Proyecto_1/IPCores/modulo_conversion/modulo_conversion.srcs/sources_1/new</xilinx:tag>
        <xilinx:tag xilinx:name="ui.data.coregen.dd@675c5d11_ARCHIVE_LOCATION">c:/Users/tomgu/Desktop/Semestre_9/SEP/Proyecto_1/IPCores/modulo_conversion/modulo_conversion.srcs/sources_1/new</xilinx:tag>
        <xilinx:tag xilinx:name="ui.data.coregen.dd@25106109_ARCHIVE_LOCATION">c:/Users/tomgu/Desktop/Semestre_9/SEP/Proyecto_1/IPCores/modulo_conversion/modulo_conversion.srcs/sources_1/new</xilinx:tag>
        <xilinx:tag xilinx:name="ui.data.coregen.dd@29b57d40_ARCHIVE_LOCATION">c:/Users/tomgu/Desktop/Semestre_9/SEP/Proyecto_1/IPCores/modulo_conversion/modulo_conversion.srcs/sources_1/new</xilinx:tag>
        <xilinx:tag xilinx:name="ui.data.coregen.dd@363daf2d_ARCHIVE_LOCATION">c:/Users/tomgu/Desktop/Semestre_9/SEP/Proyecto_1/IPCores/modulo_conversion/modulo_conversion.srcs/sources_1/new</xilinx:tag>
        <xilinx:tag xilinx:name="ui.data.coregen.dd@33e18b02_ARCHIVE_LOCATION">c:/Users/tomgu/Desktop/Semestre_9/SEP/Proyecto_1/IPCores/modulo_conversion/modulo_conversion.srcs/sources_1/new</xilinx:tag>
        <xilinx:tag xilinx:name="ui.data.coregen.dd@214f39a5_ARCHIVE_LOCATION">c:/Users/tomgu/Desktop/Semestre_9/SEP/Proyecto_1/IPCores/modulo_conversion/modulo_conversion.srcs/sources_1/new</xilinx:tag>
        <xilinx:tag xilinx:name="ui.data.coregen.dd@55dd4ee6_ARCHIVE_LOCATION">c:/Users/tomgu/Desktop/Semestre_9/SEP/Proyecto_1/IPCores/modulo_conversion/modulo_conversion.srcs/sources_1/new</xilinx:tag>
        <xilinx:tag xilinx:name="ui.data.coregen.dd@7d3aba19_ARCHIVE_LOCATION">c:/Users/tomgu/Desktop/Semestre_9/SEP/Proyecto_1/IPCores/modulo_conversion/modulo_conversion.srcs/sources_1/new</xilinx:tag>
        <xilinx:tag xilinx:name="ui.data.coregen.dd@29ce2e70_ARCHIVE_LOCATION">c:/Users/tomgu/Desktop/Semestre_9/SEP/Proyecto_1/IPCores/modulo_conversion/modulo_conversion.srcs/sources_1/new</xilinx:tag>
        <xilinx:tag xilinx:name="ui.data.coregen.dd@649a727d_ARCHIVE_LOCATION">c:/Users/tomgu/Desktop/Semestre_9/SEP/Proyecto_1/IPCores/modulo_conversion/modulo_conversion.srcs/sources_1/new</xilinx:tag>
        <xilinx:tag xilinx:name="ui.data.coregen.dd@b207d4_ARCHIVE_LOCATION">c:/Users/tomgu/Desktop/Semestre_9/SEP/Proyecto_1/IPCores/modulo_conversion/modulo_conversion.srcs/sources_1/new</xilinx:tag>
        <xilinx:tag xilinx:name="ui.data.coregen.dd@d6f37f0_ARCHIVE_LOCATION">c:/Users/tomgu/Desktop/Semestre_9/SEP/Proyecto_1/IPCores/modulo_conversion/modulo_conversion.srcs/sources_1/new</xilinx:tag>
        <xilinx:tag xilinx:name="ui.data.coregen.dd@3435a7fc_ARCHIVE_LOCATION">c:/Users/tomgu/Desktop/Semestre_9/SEP/Proyecto_1/IPCores/modulo_conversion/modulo_conversion.srcs/sources_1/new</xilinx:tag>
        <xilinx:tag xilinx:name="ui.data.coregen.dd@5d8f4ff1_ARCHIVE_LOCATION">c:/Users/tomgu/Desktop/Semestre_9/SEP/Proyecto_1/IPCores/modulo_conversion/modulo_conversion.srcs/sources_1/new</xilinx:tag>
        <xilinx:tag xilinx:name="ui.data.coregen.dd@648669de_ARCHIVE_LOCATION">c:/Users/tomgu/Desktop/Semestre_9/SEP/Proyecto_1/IPCores/modulo_conversion/modulo_conversion.srcs/sources_1/new</xilinx:tag>
        <xilinx:tag xilinx:name="ui.data.coregen.dd@3e816787_ARCHIVE_LOCATION">c:/Users/tomgu/Desktop/Semestre_9/SEP/Proyecto_1/IPCores/modulo_conversion/modulo_conversion.srcs/sources_1/new</xilinx:tag>
        <xilinx:tag xilinx:name="ui.data.coregen.dd@16720022_ARCHIVE_LOCATION">c:/Users/tomgu/Desktop/Semestre_9/SEP/Proyecto_1/IPCores/modulo_conversion/modulo_conversion.srcs/sources_1/new</xilinx:tag>
        <xilinx:tag xilinx:name="ui.data.coregen.dd@77732e4_ARCHIVE_LOCATION">c:/Users/tomgu/Desktop/Semestre_9/SEP/Proyecto_1/IPCores/modulo_conversion/modulo_conversion.srcs/sources_1/new</xilinx:tag>
        <xilinx:tag xilinx:name="ui.data.coregen.dd@1c669127_ARCHIVE_LOCATION">c:/Users/tomgu/Desktop/Semestre_9/SEP/Proyecto_1/IPCores/modulo_conversion/modulo_conversion.srcs/sources_1/new</xilinx:tag>
        <xilinx:tag xilinx:name="ui.data.coregen.dd@27199c30_ARCHIVE_LOCATION">c:/Users/tomgu/Desktop/Semestre_9/SEP/Proyecto_1/IPCores/modulo_conversion/modulo_conversion.srcs/sources_1/new</xilinx:tag>
        <xilinx:tag xilinx:name="ui.data.coregen.dd@22eb161a_ARCHIVE_LOCATION">c:/Users/tomgu/Desktop/Semestre_9/SEP/Proyecto_1/IPCores/modulo_conversion/modulo_conversion.srcs/sources_1/new</xilinx:tag>
        <xilinx:tag xilinx:name="ui.data.coregen.dd@3142322_ARCHIVE_LOCATION">c:/Users/tomgu/Desktop/Semestre_9/SEP/Proyecto_1/IPCores/modulo_conversion/modulo_conversion.srcs/sources_1/new</xilinx:tag>
        <xilinx:tag xilinx:name="ui.data.coregen.dd@5baf637_ARCHIVE_LOCATION">c:/Users/tomgu/Desktop/Semestre_9/SEP/Proyecto_1/IPCores/modulo_conversion/modulo_conversion.srcs/sources_1/new</xilinx:tag>
        <xilinx:tag xilinx:name="ui.data.coregen.dd@1eedd54a_ARCHIVE_LOCATION">c:/Users/tomgu/Desktop/Semestre_9/SEP/Proyecto_1/IPCores/modulo_conversion/modulo_conversion.srcs/sources_1/new</xilinx:tag>
        <xilinx:tag xilinx:name="ui.data.coregen.dd@4b148138_ARCHIVE_LOCATION">c:/Users/tomgu/Desktop/Semestre_9/SEP/Proyecto_1/IPCores/modulo_conversion/modulo_conversion.srcs/sources_1/new</xilinx:tag>
        <xilinx:tag xilinx:name="ui.data.coregen.dd@7d72b25a_ARCHIVE_LOCATION">c:/Users/tomgu/Desktop/Semestre_9/SEP/Proyecto_1/IPCores/modulo_conversion/modulo_conversion.srcs/sources_1/new</xilinx:tag>
        <xilinx:tag xilinx:name="ui.data.coregen.dd@74d42c4e_ARCHIVE_LOCATION">c:/Users/tomgu/Desktop/Semestre_9/SEP/Proyecto_1/IPCores/modulo_conversion/modulo_conversion.srcs/sources_1/new</xilinx:tag>
        <xilinx:tag xilinx:name="ui.data.coregen.dd@6c0c9edc_ARCHIVE_LOCATION">c:/Users/tomgu/Desktop/Semestre_9/SEP/Proyecto_1/IPCores/modulo_conversion/modulo_conversion.srcs/sources_1/new</xilinx:tag>
        <xilinx:tag xilinx:name="ui.data.coregen.dd@1d676f8f_ARCHIVE_LOCATION">c:/Users/tomgu/Desktop/Semestre_9/SEP/Proyecto_1/IPCores/modulo_conversion/modulo_conversion.srcs/sources_1/new</xilinx:tag>
        <xilinx:tag xilinx:name="ui.data.coregen.dd@4ce78af9_ARCHIVE_LOCATION">c:/Users/tomgu/Desktop/Semestre_9/SEP/Proyecto_1/IPCores/modulo_conversion/modulo_conversion.srcs/sources_1/new</xilinx:tag>
        <xilinx:tag xilinx:name="ui.data.coregen.dd@318b6758_ARCHIVE_LOCATION">c:/Users/tomgu/Desktop/Semestre_9/SEP/Proyecto_1/IPCores/modulo_conversion/modulo_conversion.srcs/sources_1/new</xilinx:tag>
        <xilinx:tag xilinx:name="ui.data.coregen.dd@49220df0_ARCHIVE_LOCATION">c:/Users/tomgu/Desktop/Semestre_9/SEP/Proyecto_1/IPCores/modulo_conversion/modulo_conversion.srcs/sources_1/new</xilinx:tag>
        <xilinx:tag xilinx:name="ui.data.coregen.dd@3a5d77fd_ARCHIVE_LOCATION">c:/Users/tomgu/Desktop/Semestre_9/SEP/Proyecto_1/IPCores/modulo_conversion/modulo_conversion.srcs/sources_1/new</xilinx:tag>
        <xilinx:tag xilinx:name="ui.data.coregen.dd@1bc37344_ARCHIVE_LOCATION">c:/Users/tomgu/Desktop/Semestre_9/SEP/Proyecto_1/IPCores/modulo_conversion/modulo_conversion.srcs/sources_1/new</xilinx:tag>
        <xilinx:tag xilinx:name="ui.data.coregen.dd@36e85469_ARCHIVE_LOCATION">c:/Users/tomgu/Desktop/Semestre_9/SEP/Proyecto_1/IPCores/modulo_conversion/modulo_conversion.srcs/sources_1/new</xilinx:tag>
        <xilinx:tag xilinx:name="ui.data.coregen.dd@62a50ed0_ARCHIVE_LOCATION">c:/Users/tomgu/Desktop/Semestre_9/SEP/Proyecto_1/IPCores/modulo_conversion/modulo_conversion.srcs/sources_1/new</xilinx:tag>
        <xilinx:tag xilinx:name="ui.data.coregen.dd@52451567_ARCHIVE_LOCATION">c:/Users/tomgu/Desktop/Semestre_9/SEP/Proyecto_1/IPCores/modulo_conversion/modulo_conversion.srcs/sources_1/new</xilinx:tag>
        <xilinx:tag xilinx:name="ui.data.coregen.dd@3f7b25dd_ARCHIVE_LOCATION">c:/Users/tomgu/Desktop/Semestre_9/SEP/Proyecto_1/IPCores/modulo_conversion/modulo_conversion.srcs/sources_1/new</xilinx:tag>
        <xilinx:tag xilinx:name="ui.data.coregen.dd@21044725_ARCHIVE_LOCATION">c:/Users/tomgu/Desktop/Semestre_9/SEP/Proyecto_1/IPCores/modulo_conversion/modulo_conversion.srcs/sources_1/new</xilinx:tag>
        <xilinx:tag xilinx:name="ui.data.coregen.dd@252f608f_ARCHIVE_LOCATION">c:/Users/tomgu/Desktop/Semestre_9/SEP/Proyecto_1/IPCores/modulo_conversion/modulo_conversion.srcs/sources_1/new</xilinx:tag>
        <xilinx:tag xilinx:name="ui.data.coregen.dd@49be0265_ARCHIVE_LOCATION">c:/Users/tomgu/Desktop/Semestre_9/SEP/Proyecto_1/IPCores/modulo_conversion/modulo_conversion.srcs/sources_1/new</xilinx:tag>
        <xilinx:tag xilinx:name="ui.data.coregen.dd@13da9cd6_ARCHIVE_LOCATION">c:/Users/tomgu/Desktop/Semestre_9/SEP/Proyecto_1/IPCores/modulo_conversion/modulo_conversion.srcs/sources_1/new</xilinx:tag>
        <xilinx:tag xilinx:name="ui.data.coregen.dd@759eff87_ARCHIVE_LOCATION">c:/Users/tomgu/Desktop/Semestre_9/SEP/Proyecto_1/IPCores/modulo_conversion/modulo_conversion.srcs/sources_1/new</xilinx:tag>
        <xilinx:tag xilinx:name="ui.data.coregen.dd@3e79f7fc_ARCHIVE_LOCATION">c:/Users/tomgu/Desktop/Semestre_9/SEP/Proyecto_1/IPCores/modulo_conversion/modulo_conversion.srcs/sources_1/new</xilinx:tag>
        <xilinx:tag xilinx:name="ui.data.coregen.dd@70c01124_ARCHIVE_LOCATION">c:/Users/tomgu/Desktop/Semestre_9/SEP/Proyecto_1/IPCores/modulo_conversion/modulo_conversion.srcs/sources_1/new</xilinx:tag>
        <xilinx:tag xilinx:name="ui.data.coregen.dd@5cb16c95_ARCHIVE_LOCATION">c:/Users/tomgu/Desktop/Semestre_9/SEP/Proyecto_1/IPCores/modulo_conversion/modulo_conversion.srcs/sources_1/new</xilinx:tag>
        <xilinx:tag xilinx:name="ui.data.coregen.dd@3cb862e0_ARCHIVE_LOCATION">c:/Users/tomgu/Desktop/Semestre_9/SEP/Proyecto_1/IPCores/modulo_conversion/modulo_conversion.srcs/sources_1/new</xilinx:tag>
        <xilinx:tag xilinx:name="ui.data.coregen.dd@55ce0072_ARCHIVE_LOCATION">c:/Users/tomgu/Desktop/Semestre_9/SEP/Proyecto_1/IPCores/modulo_conversion/modulo_conversion.srcs/sources_1/new</xilinx:tag>
        <xilinx:tag xilinx:name="ui.data.coregen.dd@5e097576_ARCHIVE_LOCATION">c:/Users/tomgu/Desktop/Semestre_9/SEP/Proyecto_1/IPCores/modulo_conversion/modulo_conversion.srcs/sources_1/new</xilinx:tag>
        <xilinx:tag xilinx:name="ui.data.coregen.dd@2b3123ac_ARCHIVE_LOCATION">c:/Users/tomgu/Desktop/Semestre_9/SEP/Proyecto_1/IPCores/modulo_conversion/modulo_conversion.srcs/sources_1/new</xilinx:tag>
        <xilinx:tag xilinx:name="ui.data.coregen.dd@289a1ce2_ARCHIVE_LOCATION">c:/Users/tomgu/Desktop/Semestre_9/SEP/Proyecto_1/IPCores/modulo_conversion/modulo_conversion.srcs/sources_1/new</xilinx:tag>
        <xilinx:tag xilinx:name="ui.data.coregen.dd@391b62da_ARCHIVE_LOCATION">c:/Users/tomgu/Desktop/Semestre_9/SEP/Proyecto_1/IPCores/modulo_conversion/modulo_conversion.srcs/sources_1/new</xilinx:tag>
        <xilinx:tag xilinx:name="ui.data.coregen.dd@32a44f83_ARCHIVE_LOCATION">c:/Users/tomgu/Desktop/Semestre_9/SEP/Proyecto_1/IPCores/modulo_conversion/modulo_conversion.srcs/sources_1/new</xilinx:tag>
        <xilinx:tag xilinx:name="ui.data.coregen.dd@1080ee0_ARCHIVE_LOCATION">c:/Users/tomgu/Desktop/Semestre_9/SEP/Proyecto_1/IPCores/modulo_conversion/modulo_conversion.srcs/sources_1/new</xilinx:tag>
        <xilinx:tag xilinx:name="ui.data.coregen.dd@1b26ee77_ARCHIVE_LOCATION">c:/Users/tomgu/Desktop/Semestre_9/SEP/Proyecto_1/IPCores/modulo_conversion/modulo_conversion.srcs/sources_1/new</xilinx:tag>
        <xilinx:tag xilinx:name="ui.data.coregen.dd@1867da31_ARCHIVE_LOCATION">c:/Users/tomgu/Desktop/Semestre_9/SEP/Proyecto_1/IPCores/modulo_conversion/modulo_conversion.srcs/sources_1/new</xilinx:tag>
        <xilinx:tag xilinx:name="ui.data.coregen.dd@74a29589_ARCHIVE_LOCATION">c:/Users/tomgu/Desktop/Semestre_9/SEP/Proyecto_1/IPCores/modulo_conversion/modulo_conversion.srcs/sources_1/new</xilinx:tag>
        <xilinx:tag xilinx:name="ui.data.coregen.dd@6e52a99_ARCHIVE_LOCATION">c:/Users/tomgu/Desktop/Semestre_9/SEP/Proyecto_1/IPCores/modulo_conversion/modulo_conversion.srcs/sources_1/new</xilinx:tag>
        <xilinx:tag xilinx:name="ui.data.coregen.dd@7013e8c5_ARCHIVE_LOCATION">c:/Users/tomgu/Desktop/Semestre_9/SEP/Proyecto_1/IPCores/modulo_conversion/modulo_conversion.srcs/sources_1/new</xilinx:tag>
        <xilinx:tag xilinx:name="ui.data.coregen.dd@1f6652fb_ARCHIVE_LOCATION">c:/Users/tomgu/Desktop/Semestre_9/SEP/Proyecto_1/IPCores/modulo_conversion/modulo_conversion.srcs/sources_1/new</xilinx:tag>
        <xilinx:tag xilinx:name="ui.data.coregen.dd@2cc03d9_ARCHIVE_LOCATION">c:/Users/tomgu/Desktop/Semestre_9/SEP/Proyecto_1/IPCores/modulo_conversion/modulo_conversion.srcs/sources_1/new</xilinx:tag>
        <xilinx:tag xilinx:name="ui.data.coregen.dd@272dfbff_ARCHIVE_LOCATION">c:/Users/tomgu/Desktop/Semestre_9/SEP/Proyecto_1/IPCores/modulo_conversion/modulo_conversion.srcs/sources_1/new</xilinx:tag>
        <xilinx:tag xilinx:name="ui.data.coregen.dd@27cd39f5_ARCHIVE_LOCATION">c:/Users/tomgu/Desktop/Semestre_9/SEP/Proyecto_1/IPCores/modulo_conversion/modulo_conversion.srcs/sources_1/new</xilinx:tag>
        <xilinx:tag xilinx:name="ui.data.coregen.dd@27eea32a_ARCHIVE_LOCATION">c:/Users/tomgu/Desktop/Semestre_9/SEP/Proyecto_1/IPCores/modulo_conversion/modulo_conversion.srcs/sources_1/new</xilinx:tag>
        <xilinx:tag xilinx:name="ui.data.coregen.dd@419d0344_ARCHIVE_LOCATION">c:/Users/tomgu/Desktop/Semestre_9/SEP/Proyecto_1/IPCores/modulo_conversion/modulo_conversion.srcs/sources_1/new</xilinx:tag>
        <xilinx:tag xilinx:name="ui.data.coregen.dd@5db46e_ARCHIVE_LOCATION">c:/Users/tomgu/Desktop/Semestre_9/SEP/Proyecto_1/IPCores/modulo_conversion/modulo_conversion.srcs/sources_1/new</xilinx:tag>
        <xilinx:tag xilinx:name="ui.data.coregen.dd@7489a252_ARCHIVE_LOCATION">c:/Users/tomgu/Desktop/Semestre_9/SEP/Proyecto_1/IPCores/modulo_conversion/modulo_conversion.srcs/sources_1/new</xilinx:tag>
        <xilinx:tag xilinx:name="ui.data.coregen.dd@b50a15b_ARCHIVE_LOCATION">c:/Users/tomgu/Desktop/Semestre_9/SEP/Proyecto_1/IPCores/modulo_conversion/modulo_conversion.srcs/sources_1/new</xilinx:tag>
        <xilinx:tag xilinx:name="ui.data.coregen.dd@1b1871c_ARCHIVE_LOCATION">c:/Users/tomgu/Desktop/Semestre_9/SEP/Proyecto_1/IPCores/modulo_conversion/modulo_conversion.srcs/sources_1/new</xilinx:tag>
        <xilinx:tag xilinx:name="ui.data.coregen.dd@79988a53_ARCHIVE_LOCATION">c:/Users/tomgu/Desktop/Semestre_9/SEP/Proyecto_1/IPCores/modulo_conversion/modulo_conversion.srcs/sources_1/new</xilinx:tag>
        <xilinx:tag xilinx:name="ui.data.coregen.dd@4bdd30be_ARCHIVE_LOCATION">c:/Users/tomgu/Desktop/Semestre_9/SEP/Proyecto_1/IPCores/modulo_conversion/modulo_conversion.srcs/sources_1/new</xilinx:tag>
        <xilinx:tag xilinx:name="ui.data.coregen.dd@6cb1d98f_ARCHIVE_LOCATION">c:/Users/tomgu/Desktop/Semestre_9/SEP/Proyecto_1/IPCores/modulo_conversion/modulo_conversion.srcs/sources_1/new</xilinx:tag>
        <xilinx:tag xilinx:name="ui.data.coregen.dd@413fc084_ARCHIVE_LOCATION">c:/Users/tomgu/Desktop/Semestre_9/SEP/Proyecto_1/IPCores/modulo_conversion/modulo_conversion.srcs/sources_1/new</xilinx:tag>
        <xilinx:tag xilinx:name="ui.data.coregen.dd@25c80d2_ARCHIVE_LOCATION">c:/Users/tomgu/Desktop/Semestre_9/SEP/Proyecto_1/IPCores/modulo_conversion/modulo_conversion.srcs/sources_1/new</xilinx:tag>
        <xilinx:tag xilinx:name="ui.data.coregen.dd@27b9db9b_ARCHIVE_LOCATION">c:/Users/tomgu/Desktop/Semestre_9/SEP/Proyecto_1/IPCores/modulo_conversion/modulo_conversion.srcs/sources_1/new</xilinx:tag>
        <xilinx:tag xilinx:name="ui.data.coregen.dd@24835c60_ARCHIVE_LOCATION">c:/Users/tomgu/Desktop/Semestre_9/SEP/Proyecto_1/IPCores/modulo_conversion/modulo_conversion.srcs/sources_1/new</xilinx:tag>
        <xilinx:tag xilinx:name="ui.data.coregen.dd@688bd6c0_ARCHIVE_LOCATION">c:/Users/tomgu/Desktop/Semestre_9/SEP/Proyecto_1/IPCores/modulo_conversion/modulo_conversion.srcs/sources_1/new</xilinx:tag>
        <xilinx:tag xilinx:name="ui.data.coregen.dd@503e86a1_ARCHIVE_LOCATION">c:/Users/tomgu/Desktop/Semestre_9/SEP/Proyecto_1/IPCores/modulo_conversion/modulo_conversion.srcs/sources_1/new</xilinx:tag>
        <xilinx:tag xilinx:name="ui.data.coregen.dd@76df3e47_ARCHIVE_LOCATION">c:/Users/tomgu/Desktop/Semestre_9/SEP/Proyecto_1/IPCores/modulo_conversion/modulo_conversion.srcs/sources_1/new</xilinx:tag>
        <xilinx:tag xilinx:name="ui.data.coregen.dd@69a59377_ARCHIVE_LOCATION">c:/Users/tomgu/Desktop/Semestre_9/SEP/Proyecto_1/IPCores/modulo_conversion/modulo_conversion.srcs/sources_1/new</xilinx:tag>
        <xilinx:tag xilinx:name="ui.data.coregen.dd@21eda23e_ARCHIVE_LOCATION">c:/Users/tomgu/Desktop/Semestre_9/SEP/Proyecto_1/IPCores/modulo_conversion/modulo_conversion.srcs/sources_1/new</xilinx:tag>
        <xilinx:tag xilinx:name="ui.data.coregen.dd@6d68dca6_ARCHIVE_LOCATION">c:/Users/tomgu/Desktop/Semestre_9/SEP/Proyecto_1/IPCores/modulo_conversion/modulo_conversion.srcs/sources_1/new</xilinx:tag>
        <xilinx:tag xilinx:name="ui.data.coregen.dd@513d84ef_ARCHIVE_LOCATION">c:/Users/tomgu/Desktop/Semestre_9/SEP/Proyecto_1/IPCores/modulo_conversion/modulo_conversion.srcs/sources_1/new</xilinx:tag>
        <xilinx:tag xilinx:name="ui.data.coregen.dd@46316813_ARCHIVE_LOCATION">c:/Users/tomgu/Desktop/Semestre_9/SEP/Proyecto_1/IPCores/modulo_conversion/modulo_conversion.srcs/sources_1/new</xilinx:tag>
        <xilinx:tag xilinx:name="ui.data.coregen.dd@15e476b_ARCHIVE_LOCATION">c:/Users/tomgu/Desktop/Semestre_9/SEP/Proyecto_1/IPCores/modulo_conversion/modulo_conversion.srcs/sources_1/new</xilinx:tag>
        <xilinx:tag xilinx:name="ui.data.coregen.dd@1f874648_ARCHIVE_LOCATION">c:/Users/tomgu/Desktop/Semestre_9/SEP/Proyecto_1/IPCores/modulo_conversion/modulo_conversion.srcs/sources_1/new</xilinx:tag>
        <xilinx:tag xilinx:name="ui.data.coregen.dd@74cba6fa_ARCHIVE_LOCATION">c:/Users/tomgu/Desktop/Semestre_9/SEP/Proyecto_1/IPCores/modulo_conversion/modulo_conversion.srcs/sources_1/new</xilinx:tag>
        <xilinx:tag xilinx:name="ui.data.coregen.dd@43ef969_ARCHIVE_LOCATION">c:/Users/tomgu/Desktop/Semestre_9/SEP/Proyecto_1/IPCores/modulo_conversion/modulo_conversion.srcs/sources_1/new</xilinx:tag>
        <xilinx:tag xilinx:name="ui.data.coregen.dd@c6e1b16_ARCHIVE_LOCATION">c:/Users/tomgu/Desktop/Semestre_9/SEP/Proyecto_1/IPCores/modulo_conversion/modulo_conversion.srcs/sources_1/new</xilinx:tag>
        <xilinx:tag xilinx:name="ui.data.coregen.dd@2ae8f24c_ARCHIVE_LOCATION">c:/Users/tomgu/Desktop/Semestre_9/SEP/Proyecto_1/IPCores/modulo_conversion/modulo_conversion.srcs/sources_1/new</xilinx:tag>
        <xilinx:tag xilinx:name="ui.data.coregen.dd@1206f5cd_ARCHIVE_LOCATION">c:/Users/tomgu/Desktop/Semestre_9/SEP/Proyecto_1/IPCores/modulo_conversion/modulo_conversion.srcs/sources_1/new</xilinx:tag>
        <xilinx:tag xilinx:name="ui.data.coregen.dd@3743b9fe_ARCHIVE_LOCATION">c:/Users/tomgu/Desktop/Semestre_9/SEP/Proyecto_1/IPCores/modulo_conversion/modulo_conversion.srcs/sources_1/new</xilinx:tag>
        <xilinx:tag xilinx:name="ui.data.coregen.dd@7a59789b_ARCHIVE_LOCATION">c:/Users/tomgu/Desktop/Semestre_9/SEP/Proyecto_1/IPCores/modulo_conversion/modulo_conversion.srcs/sources_1/new</xilinx:tag>
        <xilinx:tag xilinx:name="ui.data.coregen.dd@7093b63d_ARCHIVE_LOCATION">c:/Users/tomgu/Desktop/Semestre_9/SEP/Proyecto_1/IPCores/modulo_conversion/modulo_conversion.srcs/sources_1/new</xilinx:tag>
        <xilinx:tag xilinx:name="ui.data.coregen.dd@46f8077c_ARCHIVE_LOCATION">c:/Users/tomgu/Desktop/Semestre_9/SEP/Proyecto_1/IPCores/modulo_conversion/modulo_conversion.srcs/sources_1/new</xilinx:tag>
        <xilinx:tag xilinx:name="ui.data.coregen.dd@111a93f9_ARCHIVE_LOCATION">c:/Users/tomgu/Desktop/Semestre_9/SEP/Proyecto_1/IPCores/modulo_conversion/modulo_conversion.srcs/sources_1/new</xilinx:tag>
        <xilinx:tag xilinx:name="ui.data.coregen.dd@591040cd_ARCHIVE_LOCATION">c:/Users/tomgu/Desktop/Semestre_9/SEP/Proyecto_1/IPCores/modulo_conversion/modulo_conversion.srcs/sources_1/new</xilinx:tag>
        <xilinx:tag xilinx:name="ui.data.coregen.dd@9dd2380_ARCHIVE_LOCATION">c:/Users/tomgu/Desktop/Semestre_9/SEP/Proyecto_1/IPCores/modulo_conversion/modulo_conversion.srcs/sources_1/new</xilinx:tag>
        <xilinx:tag xilinx:name="ui.data.coregen.dd@2a83a184_ARCHIVE_LOCATION">c:/Users/tomgu/Desktop/Semestre_9/SEP/Proyecto_1/IPCores/modulo_conversion/modulo_conversion.srcs/sources_1/new</xilinx:tag>
        <xilinx:tag xilinx:name="ui.data.coregen.dd@5fb6236e_ARCHIVE_LOCATION">c:/Users/tomgu/Desktop/Semestre_9/SEP/Proyecto_1/IPCores/modulo_conversion/modulo_conversion.srcs/sources_1/new</xilinx:tag>
        <xilinx:tag xilinx:name="ui.data.coregen.dd@6eb02107_ARCHIVE_LOCATION">c:/Users/tomgu/Desktop/Semestre_9/SEP/Proyecto_1/IPCores/modulo_conversion/modulo_conversion.srcs/sources_1/new</xilinx:tag>
        <xilinx:tag xilinx:name="ui.data.coregen.dd@462ec47a_ARCHIVE_LOCATION">c:/Users/tomgu/Desktop/Semestre_9/SEP/Proyecto_1/IPCores/modulo_conversion/modulo_conversion.srcs/sources_1/new</xilinx:tag>
        <xilinx:tag xilinx:name="ui.data.coregen.dd@5aae32c3_ARCHIVE_LOCATION">c:/Users/tomgu/Desktop/Semestre_9/SEP/Proyecto_1/IPCores/modulo_conversion/modulo_conversion.srcs/sources_1/new</xilinx:tag>
        <xilinx:tag xilinx:name="ui.data.coregen.dd@7f5c92c7_ARCHIVE_LOCATION">c:/Users/tomgu/Desktop/Semestre_9/SEP/Proyecto_1/IPCores/modulo_conversion/modulo_conversion.srcs/sources_1/new</xilinx:tag>
        <xilinx:tag xilinx:name="ui.data.coregen.dd@6872e2d1_ARCHIVE_LOCATION">c:/Users/tomgu/Desktop/Semestre_9/SEP/Proyecto_1/IPCores/modulo_conversion/modulo_conversion.srcs/sources_1/new</xilinx:tag>
        <xilinx:tag xilinx:name="ui.data.coregen.dd@10fccd91_ARCHIVE_LOCATION">c:/Users/tomgu/Desktop/Semestre_9/SEP/Proyecto_1/IPCores/modulo_conversion/modulo_conversion.srcs/sources_1/new</xilinx:tag>
        <xilinx:tag xilinx:name="ui.data.coregen.dd@71c3ce56_ARCHIVE_LOCATION">c:/Users/tomgu/Desktop/Semestre_9/SEP/Proyecto_1/IPCores/modulo_conversion/modulo_conversion.srcs/sources_1/new</xilinx:tag>
        <xilinx:tag xilinx:name="ui.data.coregen.dd@614b462b_ARCHIVE_LOCATION">c:/Users/tomgu/Desktop/Semestre_9/SEP/Proyecto_1/IPCores/modulo_conversion/modulo_conversion.srcs/sources_1/new</xilinx:tag>
        <xilinx:tag xilinx:name="ui.data.coregen.dd@22c3d2fb_ARCHIVE_LOCATION">c:/Users/tomgu/Desktop/Semestre_9/SEP/Proyecto_1/IPCores/modulo_conversion/modulo_conversion.srcs/sources_1/new</xilinx:tag>
        <xilinx:tag xilinx:name="ui.data.coregen.dd@50fccc46_ARCHIVE_LOCATION">c:/Users/tomgu/Desktop/Semestre_9/SEP/Proyecto_1/IPCores/modulo_conversion/modulo_conversion.srcs/sources_1/new</xilinx:tag>
        <xilinx:tag xilinx:name="ui.data.coregen.dd@18d6212b_ARCHIVE_LOCATION">c:/Users/tomgu/Desktop/Semestre_9/SEP/Proyecto_1/IPCores/modulo_conversion/modulo_conversion.srcs/sources_1/new</xilinx:tag>
        <xilinx:tag xilinx:name="ui.data.coregen.dd@d2e1b6d_ARCHIVE_LOCATION">c:/Users/tomgu/Desktop/Semestre_9/SEP/Proyecto_1/IPCores/modulo_conversion/modulo_conversion.srcs/sources_1/new</xilinx:tag>
        <xilinx:tag xilinx:name="ui.data.coregen.dd@339fc94f_ARCHIVE_LOCATION">c:/Users/tomgu/Desktop/Semestre_9/SEP/Proyecto_1/IPCores/modulo_conversion/modulo_conversion.srcs/sources_1/new</xilinx:tag>
        <xilinx:tag xilinx:name="ui.data.coregen.dd@1c0aed5c_ARCHIVE_LOCATION">c:/Users/tomgu/Desktop/Semestre_9/SEP/Proyecto_1/IPCores/modulo_conversion/modulo_conversion.srcs/sources_1/new</xilinx:tag>
        <xilinx:tag xilinx:name="ui.data.coregen.dd@42dd688f_ARCHIVE_LOCATION">c:/Users/tomgu/Desktop/Semestre_9/SEP/Proyecto_1/IPCores/modulo_conversion/modulo_conversion.srcs/sources_1/new</xilinx:tag>
        <xilinx:tag xilinx:name="ui.data.coregen.dd@6b57a424_ARCHIVE_LOCATION">c:/Users/tomgu/Desktop/Semestre_9/SEP/Proyecto_1/IPCores/modulo_conversion/modulo_conversion.srcs/sources_1/new</xilinx:tag>
        <xilinx:tag xilinx:name="ui.data.coregen.dd@111ef5f9_ARCHIVE_LOCATION">c:/Users/tomgu/Desktop/Semestre_9/SEP/Proyecto_1/IPCores/modulo_conversion/modulo_conversion.srcs/sources_1/new</xilinx:tag>
        <xilinx:tag xilinx:name="ui.data.coregen.dd@6f8ebde_ARCHIVE_LOCATION">c:/Users/tomgu/Desktop/Semestre_9/SEP/Proyecto_1/IPCores/modulo_conversion/modulo_conversion.srcs/sources_1/new</xilinx:tag>
        <xilinx:tag xilinx:name="ui.data.coregen.dd@34cab6be_ARCHIVE_LOCATION">c:/Users/tomgu/Desktop/Semestre_9/SEP/Proyecto_1/IPCores/modulo_conversion/modulo_conversion.srcs/sources_1/new</xilinx:tag>
        <xilinx:tag xilinx:name="ui.data.coregen.dd@46004727_ARCHIVE_LOCATION">c:/Users/tomgu/Desktop/Semestre_9/SEP/Proyecto_1/IPCores/modulo_conversion/modulo_conversion.srcs/sources_1/new</xilinx:tag>
        <xilinx:tag xilinx:name="ui.data.coregen.dd@6f7209a1_ARCHIVE_LOCATION">c:/Users/tomgu/Desktop/Semestre_9/SEP/Proyecto_1/IPCores/modulo_conversion/modulo_conversion.srcs/sources_1/new</xilinx:tag>
        <xilinx:tag xilinx:name="ui.data.coregen.dd@488800f_ARCHIVE_LOCATION">c:/Users/tomgu/Desktop/Semestre_9/SEP/Proyecto_1/IPCores/modulo_conversion/modulo_conversion.srcs/sources_1/new</xilinx:tag>
        <xilinx:tag xilinx:name="ui.data.coregen.dd@7fdcbc70_ARCHIVE_LOCATION">c:/Users/tomgu/Desktop/Semestre_9/SEP/Proyecto_1/IPCores/modulo_conversion/modulo_conversion.srcs/sources_1/new</xilinx:tag>
        <xilinx:tag xilinx:name="ui.data.coregen.dd@7b7c8e7d_ARCHIVE_LOCATION">c:/Users/tomgu/Desktop/Semestre_9/SEP/Proyecto_1/IPCores/modulo_conversion/modulo_conversion.srcs/sources_1/new</xilinx:tag>
        <xilinx:tag xilinx:name="ui.data.coregen.dd@26709bac_ARCHIVE_LOCATION">c:/Users/tomgu/Desktop/Semestre_9/SEP/Proyecto_1/IPCores/modulo_conversion/modulo_conversion.srcs/sources_1/new</xilinx:tag>
        <xilinx:tag xilinx:name="ui.data.coregen.dd@334d5cc7_ARCHIVE_LOCATION">c:/Users/tomgu/Desktop/Semestre_9/SEP/Proyecto_1/IPCores/modulo_conversion/modulo_conversion.srcs/sources_1/new</xilinx:tag>
        <xilinx:tag xilinx:name="ui.data.coregen.dd@79b11852_ARCHIVE_LOCATION">c:/Users/tomgu/Desktop/Semestre_9/SEP/Proyecto_1/IPCores/modulo_conversion/modulo_conversion.srcs/sources_1/new</xilinx:tag>
        <xilinx:tag xilinx:name="ui.data.coregen.dd@710bfb3a_ARCHIVE_LOCATION">c:/Users/tomgu/Desktop/Semestre_9/SEP/Proyecto_1/IPCores/modulo_conversion/modulo_conversion.srcs/sources_1/new</xilinx:tag>
        <xilinx:tag xilinx:name="ui.data.coregen.dd@157a381c_ARCHIVE_LOCATION">c:/Users/tomgu/Desktop/Semestre_9/SEP/Proyecto_1/IPCores/modulo_conversion/modulo_conversion.srcs/sources_1/new</xilinx:tag>
        <xilinx:tag xilinx:name="ui.data.coregen.dd@7fbe8e2b_ARCHIVE_LOCATION">c:/Users/tomgu/Desktop/Semestre_9/SEP/Proyecto_1/IPCores/modulo_conversion/modulo_conversion.srcs/sources_1/new</xilinx:tag>
        <xilinx:tag xilinx:name="ui.data.coregen.dd@288f2c9e_ARCHIVE_LOCATION">c:/Users/tomgu/Desktop/Semestre_9/SEP/Proyecto_1/IPCores/modulo_conversion/modulo_conversion.srcs/sources_1/new</xilinx:tag>
        <xilinx:tag xilinx:name="ui.data.coregen.dd@645a5fd2_ARCHIVE_LOCATION">c:/Users/tomgu/Desktop/Semestre_9/SEP/Proyecto_1/IPCores/modulo_conversion/modulo_conversion.srcs/sources_1/new</xilinx:tag>
        <xilinx:tag xilinx:name="ui.data.coregen.dd@5d0bdf16_ARCHIVE_LOCATION">c:/Users/tomgu/Desktop/Semestre_9/SEP/Proyecto_1/IPCores/modulo_conversion/modulo_conversion.srcs/sources_1/new</xilinx:tag>
        <xilinx:tag xilinx:name="ui.data.coregen.dd@2e1a0fcc_ARCHIVE_LOCATION">c:/Users/tomgu/Desktop/Semestre_9/SEP/Proyecto_1/IPCores/modulo_conversion/modulo_conversion.srcs/sources_1/new</xilinx:tag>
        <xilinx:tag xilinx:name="ui.data.coregen.dd@61224ef4_ARCHIVE_LOCATION">d:/Trabajos_UC/9 noveno semestre/SEP/Proyecto/Proyecto_VI/PRO_F/IPCores1/modulo_conversion/modulo_conversion.srcs/sources_1/new</xilinx:tag>
        <xilinx:tag xilinx:name="ui.data.coregen.dd@26d33f5b_ARCHIVE_LOCATION">d:/Trabajos_UC/9 noveno semestre/SEP/Proyecto/Proyecto_VI/PRO_F/IPCores1/modulo_conversion/modulo_conversion.srcs/sources_1/new</xilinx:tag>
        <xilinx:tag xilinx:name="ui.data.coregen.dd@1c111b62_ARCHIVE_LOCATION">d:/Trabajos_UC/9 noveno semestre/SEP/Proyecto/Proyecto_VI/PRO_F/IPCores1/modulo_conversion/modulo_conversion.srcs/sources_1/new</xilinx:tag>
        <xilinx:tag xilinx:name="ui.data.coregen.dd@19361322_ARCHIVE_LOCATION">d:/Trabajos_UC/9 noveno semestre/SEP/Proyecto/Proyecto_VI/PRO_F/IPCores1/modulo_conversion/modulo_conversion.srcs/sources_1/new</xilinx:tag>
        <xilinx:tag xilinx:name="ui.data.coregen.dd@21251b44_ARCHIVE_LOCATION">d:/Trabajos_UC/9 noveno semestre/SEP/Proyecto/Proyecto_VI/PRO_F/IPCores1/modulo_conversion/modulo_conversion.srcs/sources_1/new</xilinx:tag>
        <xilinx:tag xilinx:name="ui.data.coregen.dd@39863787_ARCHIVE_LOCATION">d:/Trabajos_UC/9 noveno semestre/SEP/Proyecto/Proyecto_VI/PRO_F/IPCores1/modulo_conversion/modulo_conversion.srcs/sources_1/new</xilinx:tag>
        <xilinx:tag xilinx:name="ui.data.coregen.dd@6d8abb2d_ARCHIVE_LOCATION">d:/Trabajos_UC/9 noveno semestre/SEP/Proyecto/Proyecto_VI/PRO_F/IPCores1/modulo_conversion/modulo_conversion.srcs/sources_1/new</xilinx:tag>
        <xilinx:tag xilinx:name="ui.data.coregen.dd@4e5765a1_ARCHIVE_LOCATION">d:/Trabajos_UC/9 noveno semestre/SEP/Proyecto/Proyecto_VI/PRO_F/IPCores1/modulo_conversion/modulo_conversion.srcs/sources_1/new</xilinx:tag>
        <xilinx:tag xilinx:name="ui.data.coregen.dd@46e9ec49_ARCHIVE_LOCATION">d:/Trabajos_UC/9 noveno semestre/SEP/Proyecto/Proyecto_VI/PRO_F/IPCores1/modulo_conversion/modulo_conversion.srcs/sources_1/new</xilinx:tag>
        <xilinx:tag xilinx:name="ui.data.coregen.dd@74e823c2_ARCHIVE_LOCATION">d:/Trabajos_UC/9 noveno semestre/SEP/Proyecto/Proyecto_VI/PRO_F/IPCores1/modulo_conversion/modulo_conversion.srcs/sources_1/new</xilinx:tag>
        <xilinx:tag xilinx:name="ui.data.coregen.dd@1ba9ceac_ARCHIVE_LOCATION">d:/Trabajos_UC/9 noveno semestre/SEP/Proyecto/Proyecto_VI/PRO_F/IPCores1/modulo_conversion/modulo_conversion.srcs/sources_1/new</xilinx:tag>
        <xilinx:tag xilinx:name="ui.data.coregen.dd@5ca93890_ARCHIVE_LOCATION">d:/Trabajos_UC/9 noveno semestre/SEP/Proyecto/Proyecto_VI/PRO_F/IPCores1/modulo_conversion/modulo_conversion.srcs/sources_1/new</xilinx:tag>
        <xilinx:tag xilinx:name="ui.data.coregen.dd@3972d033_ARCHIVE_LOCATION">d:/Trabajos_UC/9 noveno semestre/SEP/Proyecto/Proyecto_VI/PRO_F/IPCores1/modulo_conversion/modulo_conversion.srcs/sources_1/new</xilinx:tag>
        <xilinx:tag xilinx:name="ui.data.coregen.dd@28546820_ARCHIVE_LOCATION">d:/Trabajos_UC/9 noveno semestre/SEP/Proyecto/Proyecto_VI/PRO_F/IPCores1/modulo_conversion/modulo_conversion.srcs/sources_1/new</xilinx:tag>
        <xilinx:tag xilinx:name="ui.data.coregen.dd@15ca95b3_ARCHIVE_LOCATION">d:/Trabajos_UC/9 noveno semestre/SEP/Proyecto/Proyecto_VI/PRO_F/IPCores1/modulo_conversion/modulo_conversion.srcs/sources_1/new</xilinx:tag>
        <xilinx:tag xilinx:name="ui.data.coregen.dd@5a9debda_ARCHIVE_LOCATION">d:/Trabajos_UC/9 noveno semestre/SEP/Proyecto/Proyecto_VI/PRO_F/IPCores1/modulo_conversion/modulo_conversion.srcs/sources_1/new</xilinx:tag>
        <xilinx:tag xilinx:name="ui.data.coregen.dd@4f7efaca_ARCHIVE_LOCATION">d:/Trabajos_UC/9 noveno semestre/SEP/Proyecto/Proyecto_VI/PRO_F/IPCores1/modulo_conversion/modulo_conversion.srcs/sources_1/new</xilinx:tag>
        <xilinx:tag xilinx:name="ui.data.coregen.dd@24515f23_ARCHIVE_LOCATION">d:/Trabajos_UC/9 noveno semestre/SEP/Proyecto/Proyecto_VI/PRO_F/IPCores1/modulo_conversion/modulo_conversion.srcs/sources_1/new</xilinx:tag>
        <xilinx:tag xilinx:name="ui.data.coregen.dd@4ded153a_ARCHIVE_LOCATION">d:/Trabajos_UC/9 noveno semestre/SEP/Proyecto/Proyecto_VI/PRO_F/IPCores1/modulo_conversion/modulo_conversion.srcs/sources_1/new</xilinx:tag>
        <xilinx:tag xilinx:name="ui.data.coregen.dd@14f0ea19_ARCHIVE_LOCATION">d:/Trabajos_UC/9 noveno semestre/SEP/Proyecto/Proyecto_VI/PRO_F/IPCores1/modulo_conversion/modulo_conversion.srcs/sources_1/new</xilinx:tag>
      </xilinx:tags>
    </xilinx:coreExtensions>
    <xilinx:packagingInfo>
      <xilinx:xilinxVersion>2020.1</xilinx:xilinxVersion>
      <xilinx:checksum xilinx:scope="busInterfaces" xilinx:value="a88d4390"/>
      <xilinx:checksum xilinx:scope="fileGroups" xilinx:value="7daee323"/>
      <xilinx:checksum xilinx:scope="ports" xilinx:value="753d892f"/>
      <xilinx:checksum xilinx:scope="parameters" xilinx:value="d6461b6c"/>
    </xilinx:packagingInfo>
  </spirit:vendorExtensions>
</spirit:component>
