<?xml version="1.0" encoding="UTF-8"?>
<spirit:component xmlns:xilinx="http://www.xilinx.com" xmlns:spirit="http://www.spiritconsortium.org/XMLSchema/SPIRIT/1685-2009" xmlns:xsi="http://www.w3.org/2001/XMLSchema-instance">
  <spirit:vendor>xilinx.com</spirit:vendor>
  <spirit:library>user</spirit:library>
  <spirit:name>hora_actual</spirit:name>
  <spirit:version>1.0</spirit:version>
  <spirit:busInterfaces>
    <spirit:busInterface>
      <spirit:name>clk</spirit:name>
      <spirit:busType spirit:vendor="xilinx.com" spirit:library="signal" spirit:name="clock" spirit:version="1.0"/>
      <spirit:abstractionType spirit:vendor="xilinx.com" spirit:library="signal" spirit:name="clock_rtl" spirit:version="1.0"/>
      <spirit:slave/>
      <spirit:portMaps>
        <spirit:portMap>
          <spirit:logicalPort>
            <spirit:name>CLK</spirit:name>
          </spirit:logicalPort>
          <spirit:physicalPort>
            <spirit:name>clk</spirit:name>
          </spirit:physicalPort>
        </spirit:portMap>
      </spirit:portMaps>
    </spirit:busInterface>
  </spirit:busInterfaces>
  <spirit:model>
    <spirit:views>
      <spirit:view>
        <spirit:name>xilinx_anylanguagesynthesis</spirit:name>
        <spirit:displayName>Synthesis</spirit:displayName>
        <spirit:envIdentifier>:vivado.xilinx.com:synthesis</spirit:envIdentifier>
        <spirit:language>VHDL</spirit:language>
        <spirit:modelName>hora_actual</spirit:modelName>
        <spirit:fileSetRef>
          <spirit:localName>xilinx_anylanguagesynthesis_view_fileset</spirit:localName>
        </spirit:fileSetRef>
        <spirit:parameters>
          <spirit:parameter>
            <spirit:name>viewChecksum</spirit:name>
            <spirit:value>05f69b12</spirit:value>
          </spirit:parameter>
        </spirit:parameters>
      </spirit:view>
      <spirit:view>
        <spirit:name>xilinx_anylanguagebehavioralsimulation</spirit:name>
        <spirit:displayName>Simulation</spirit:displayName>
        <spirit:envIdentifier>:vivado.xilinx.com:simulation</spirit:envIdentifier>
        <spirit:language>VHDL</spirit:language>
        <spirit:modelName>hora_actual</spirit:modelName>
        <spirit:fileSetRef>
          <spirit:localName>xilinx_anylanguagebehavioralsimulation_view_fileset</spirit:localName>
        </spirit:fileSetRef>
        <spirit:parameters>
          <spirit:parameter>
            <spirit:name>viewChecksum</spirit:name>
            <spirit:value>05f69b12</spirit:value>
          </spirit:parameter>
        </spirit:parameters>
      </spirit:view>
      <spirit:view>
        <spirit:name>xilinx_xpgui</spirit:name>
        <spirit:displayName>UI Layout</spirit:displayName>
        <spirit:envIdentifier>:vivado.xilinx.com:xgui.ui</spirit:envIdentifier>
        <spirit:fileSetRef>
          <spirit:localName>xilinx_xpgui_view_fileset</spirit:localName>
        </spirit:fileSetRef>
        <spirit:parameters>
          <spirit:parameter>
            <spirit:name>viewChecksum</spirit:name>
            <spirit:value>7ef75ef6</spirit:value>
          </spirit:parameter>
        </spirit:parameters>
      </spirit:view>
    </spirit:views>
    <spirit:ports>
      <spirit:port>
        <spirit:name>clk</spirit:name>
        <spirit:wire>
          <spirit:direction>in</spirit:direction>
          <spirit:wireTypeDefs>
            <spirit:wireTypeDef>
              <spirit:typeName>std_logic</spirit:typeName>
              <spirit:viewNameRef>xilinx_anylanguagesynthesis</spirit:viewNameRef>
              <spirit:viewNameRef>xilinx_anylanguagebehavioralsimulation</spirit:viewNameRef>
            </spirit:wireTypeDef>
          </spirit:wireTypeDefs>
        </spirit:wire>
      </spirit:port>
      <spirit:port>
        <spirit:name>hora_in</spirit:name>
        <spirit:wire>
          <spirit:direction>in</spirit:direction>
          <spirit:vector>
            <spirit:left spirit:format="long">7</spirit:left>
            <spirit:right spirit:format="long">0</spirit:right>
          </spirit:vector>
          <spirit:wireTypeDefs>
            <spirit:wireTypeDef>
              <spirit:typeName>std_logic_vector</spirit:typeName>
              <spirit:viewNameRef>xilinx_anylanguagesynthesis</spirit:viewNameRef>
              <spirit:viewNameRef>xilinx_anylanguagebehavioralsimulation</spirit:viewNameRef>
            </spirit:wireTypeDef>
          </spirit:wireTypeDefs>
          <spirit:driver>
            <spirit:defaultValue spirit:format="bitString" spirit:bitStringLength="8">0x00</spirit:defaultValue>
          </spirit:driver>
        </spirit:wire>
      </spirit:port>
      <spirit:port>
        <spirit:name>minuto_in</spirit:name>
        <spirit:wire>
          <spirit:direction>in</spirit:direction>
          <spirit:vector>
            <spirit:left spirit:format="long">7</spirit:left>
            <spirit:right spirit:format="long">0</spirit:right>
          </spirit:vector>
          <spirit:wireTypeDefs>
            <spirit:wireTypeDef>
              <spirit:typeName>std_logic_vector</spirit:typeName>
              <spirit:viewNameRef>xilinx_anylanguagesynthesis</spirit:viewNameRef>
              <spirit:viewNameRef>xilinx_anylanguagebehavioralsimulation</spirit:viewNameRef>
            </spirit:wireTypeDef>
          </spirit:wireTypeDefs>
          <spirit:driver>
            <spirit:defaultValue spirit:format="bitString" spirit:bitStringLength="8">0x00</spirit:defaultValue>
          </spirit:driver>
        </spirit:wire>
      </spirit:port>
      <spirit:port>
        <spirit:name>hora_out</spirit:name>
        <spirit:wire>
          <spirit:direction>out</spirit:direction>
          <spirit:vector>
            <spirit:left spirit:format="long">7</spirit:left>
            <spirit:right spirit:format="long">0</spirit:right>
          </spirit:vector>
          <spirit:wireTypeDefs>
            <spirit:wireTypeDef>
              <spirit:typeName>std_logic_vector</spirit:typeName>
              <spirit:viewNameRef>xilinx_anylanguagesynthesis</spirit:viewNameRef>
              <spirit:viewNameRef>xilinx_anylanguagebehavioralsimulation</spirit:viewNameRef>
            </spirit:wireTypeDef>
          </spirit:wireTypeDefs>
          <spirit:driver>
            <spirit:defaultValue spirit:format="bitString" spirit:bitStringLength="8">0x00</spirit:defaultValue>
          </spirit:driver>
        </spirit:wire>
      </spirit:port>
      <spirit:port>
        <spirit:name>minuto_out</spirit:name>
        <spirit:wire>
          <spirit:direction>out</spirit:direction>
          <spirit:vector>
            <spirit:left spirit:format="long">7</spirit:left>
            <spirit:right spirit:format="long">0</spirit:right>
          </spirit:vector>
          <spirit:wireTypeDefs>
            <spirit:wireTypeDef>
              <spirit:typeName>std_logic_vector</spirit:typeName>
              <spirit:viewNameRef>xilinx_anylanguagesynthesis</spirit:viewNameRef>
              <spirit:viewNameRef>xilinx_anylanguagebehavioralsimulation</spirit:viewNameRef>
            </spirit:wireTypeDef>
          </spirit:wireTypeDefs>
          <spirit:driver>
            <spirit:defaultValue spirit:format="bitString" spirit:bitStringLength="8">0x00</spirit:defaultValue>
          </spirit:driver>
        </spirit:wire>
      </spirit:port>
    </spirit:ports>
    <spirit:modelParameters>
      <spirit:modelParameter xsi:type="spirit:nameValueTypeType" spirit:dataType="integer">
        <spirit:name>MAX_CONT_SEC</spirit:name>
        <spirit:value spirit:format="long" spirit:resolve="generated" spirit:id="MODELPARAM_VALUE.MAX_CONT_SEC">100000000</spirit:value>
      </spirit:modelParameter>
    </spirit:modelParameters>
  </spirit:model>
  <spirit:fileSets>
    <spirit:fileSet>
      <spirit:name>xilinx_anylanguagesynthesis_view_fileset</spirit:name>
      <spirit:file>
        <spirit:name>hora_actual.vhd</spirit:name>
        <spirit:fileType>vhdlSource</spirit:fileType>
        <spirit:userFileType>CHECKSUM_05f69b12</spirit:userFileType>
      </spirit:file>
    </spirit:fileSet>
    <spirit:fileSet>
      <spirit:name>xilinx_anylanguagebehavioralsimulation_view_fileset</spirit:name>
      <spirit:file>
        <spirit:name>hora_actual.vhd</spirit:name>
        <spirit:fileType>vhdlSource</spirit:fileType>
      </spirit:file>
    </spirit:fileSet>
    <spirit:fileSet>
      <spirit:name>xilinx_xpgui_view_fileset</spirit:name>
      <spirit:file>
        <spirit:name>xgui/hora_actual_v1_0.tcl</spirit:name>
        <spirit:fileType>tclSource</spirit:fileType>
        <spirit:userFileType>CHECKSUM_7ef75ef6</spirit:userFileType>
        <spirit:userFileType>XGUI_VERSION_2</spirit:userFileType>
      </spirit:file>
    </spirit:fileSet>
  </spirit:fileSets>
  <spirit:description>hora_actual_v1_0</spirit:description>
  <spirit:parameters>
    <spirit:parameter>
      <spirit:name>Component_Name</spirit:name>
      <spirit:value spirit:resolve="user" spirit:id="PARAM_VALUE.Component_Name" spirit:order="1">hora_actual_v1_0</spirit:value>
    </spirit:parameter>
    <spirit:parameter>
      <spirit:name>MAX_CONT_SEC</spirit:name>
      <spirit:displayName>Max Count Sec</spirit:displayName>
      <spirit:value spirit:format="long" spirit:resolve="user" spirit:id="PARAM_VALUE.MAX_CONT_SEC" spirit:minimum="0" spirit:maximum="125000000" spirit:rangeType="long">100000000</spirit:value>
    </spirit:parameter>
  </spirit:parameters>
  <spirit:vendorExtensions>
    <xilinx:coreExtensions>
      <xilinx:supportedFamilies>
        <xilinx:family xilinx:lifeCycle="Production">zynq</xilinx:family>
        <xilinx:family xilinx:lifeCycle="Production">qzynq</xilinx:family>
        <xilinx:family xilinx:lifeCycle="Production">azynq</xilinx:family>
        <xilinx:family xilinx:lifeCycle="Production">zynquplus</xilinx:family>
        <xilinx:family xilinx:lifeCycle="Production">virtexuplus</xilinx:family>
        <xilinx:family xilinx:lifeCycle="Production">virtexuplusHBM</xilinx:family>
        <xilinx:family xilinx:lifeCycle="Production">kintexu</xilinx:family>
      </xilinx:supportedFamilies>
      <xilinx:taxonomies>
        <xilinx:taxonomy>/UserIP</xilinx:taxonomy>
      </xilinx:taxonomies>
      <xilinx:displayName>hora_actual_v1_0</xilinx:displayName>
      <xilinx:definitionSource>package_project</xilinx:definitionSource>
      <xilinx:coreRevision>8</xilinx:coreRevision>
      <xilinx:coreCreationDateTime>2024-05-12T00:06:49Z</xilinx:coreCreationDateTime>
      <xilinx:tags>
        <xilinx:tag xilinx:name="ui.data.coregen.dd@550ee6ee_ARCHIVE_LOCATION">c:/users/tomgu/desktop/semestre_9/sep/proyecto_1/ipcores/hora_actual/hora_actual.srcs/sources_1/new</xilinx:tag>
        <xilinx:tag xilinx:name="ui.data.coregen.dd@73263686_ARCHIVE_LOCATION">c:/users/tomgu/desktop/semestre_9/sep/proyecto_1/ipcores/hora_actual/hora_actual.srcs/sources_1/new</xilinx:tag>
        <xilinx:tag xilinx:name="ui.data.coregen.dd@49f8b0d_ARCHIVE_LOCATION">c:/users/tomgu/desktop/semestre_9/sep/proyecto_1/ipcores/hora_actual/hora_actual.srcs/sources_1/new</xilinx:tag>
        <xilinx:tag xilinx:name="ui.data.coregen.dd@1abee76e_ARCHIVE_LOCATION">c:/users/tomgu/desktop/semestre_9/sep/proyecto_1/ipcores/hora_actual/hora_actual.srcs/sources_1/new</xilinx:tag>
        <xilinx:tag xilinx:name="ui.data.coregen.dd@567b5a9f_ARCHIVE_LOCATION">c:/users/tomgu/desktop/semestre_9/sep/proyecto_1/ipcores/hora_actual/hora_actual.srcs/sources_1/new</xilinx:tag>
        <xilinx:tag xilinx:name="ui.data.coregen.dd@7c44ce16_ARCHIVE_LOCATION">c:/Users/tomgu/Desktop/Semestre_9/SEP/Proyecto_1/IPCores/hora_actual/hora_actual.srcs/sources_1/new</xilinx:tag>
        <xilinx:tag xilinx:name="ui.data.coregen.dd@16a7b162_ARCHIVE_LOCATION">c:/Users/tomgu/Desktop/Semestre_9/SEP/Proyecto_1/IPCores/hora_actual/hora_actual.srcs/sources_1/new</xilinx:tag>
        <xilinx:tag xilinx:name="ui.data.coregen.dd@72e51298_ARCHIVE_LOCATION">c:/Users/tomgu/Desktop/Semestre_9/SEP/Proyecto_1/IPCores/hora_actual/hora_actual.srcs/sources_1/new</xilinx:tag>
        <xilinx:tag xilinx:name="ui.data.coregen.dd@d546107_ARCHIVE_LOCATION">c:/Users/tomgu/Desktop/Semestre_9/SEP/Proyecto_1/IPCores/hora_actual/hora_actual.srcs/sources_1/new</xilinx:tag>
        <xilinx:tag xilinx:name="ui.data.coregen.dd@37edeba7_ARCHIVE_LOCATION">c:/Users/tomgu/Desktop/Semestre_9/SEP/Proyecto_1/IPCores/hora_actual/hora_actual.srcs/sources_1/new</xilinx:tag>
        <xilinx:tag xilinx:name="ui.data.coregen.dd@21324a22_ARCHIVE_LOCATION">c:/Users/tomgu/Desktop/Semestre_9/SEP/Proyecto_1/IPCores/hora_actual/hora_actual.srcs/sources_1/new</xilinx:tag>
        <xilinx:tag xilinx:name="ui.data.coregen.dd@43455376_ARCHIVE_LOCATION">c:/Users/tomgu/Desktop/Semestre_9/SEP/Proyecto_1/IPCores/hora_actual/hora_actual.srcs/sources_1/new</xilinx:tag>
        <xilinx:tag xilinx:name="ui.data.coregen.dd@27336f8d_ARCHIVE_LOCATION">c:/Users/tomgu/Desktop/Semestre_9/SEP/Proyecto_1/IPCores/hora_actual/hora_actual.srcs/sources_1/new</xilinx:tag>
        <xilinx:tag xilinx:name="ui.data.coregen.dd@777be1e7_ARCHIVE_LOCATION">c:/Users/tomgu/Desktop/Semestre_9/SEP/Proyecto_1/IPCores/hora_actual/hora_actual.srcs/sources_1/new</xilinx:tag>
        <xilinx:tag xilinx:name="ui.data.coregen.dd@71c588a6_ARCHIVE_LOCATION">c:/Users/tomgu/Desktop/Semestre_9/SEP/Proyecto_1/IPCores/hora_actual/hora_actual.srcs/sources_1/new</xilinx:tag>
        <xilinx:tag xilinx:name="ui.data.coregen.dd@757a7a26_ARCHIVE_LOCATION">c:/Users/tomgu/Desktop/Semestre_9/SEP/Proyecto_1/IPCores/hora_actual/hora_actual.srcs/sources_1/new</xilinx:tag>
        <xilinx:tag xilinx:name="ui.data.coregen.dd@75696cf6_ARCHIVE_LOCATION">c:/Users/tomgu/Desktop/Semestre_9/SEP/Proyecto_1/IPCores/hora_actual/hora_actual.srcs/sources_1/new</xilinx:tag>
        <xilinx:tag xilinx:name="ui.data.coregen.dd@59cfb81a_ARCHIVE_LOCATION">c:/Users/tomgu/Desktop/Semestre_9/SEP/Proyecto_1/IPCores/hora_actual/hora_actual.srcs/sources_1/new</xilinx:tag>
        <xilinx:tag xilinx:name="ui.data.coregen.dd@3bc7afbc_ARCHIVE_LOCATION">c:/Users/tomgu/Desktop/Semestre_9/SEP/Proyecto_1/IPCores/hora_actual/hora_actual.srcs/sources_1/new</xilinx:tag>
        <xilinx:tag xilinx:name="ui.data.coregen.dd@23b69e27_ARCHIVE_LOCATION">c:/Users/tomgu/Desktop/Semestre_9/SEP/Proyecto_1/IPCores/hora_actual/hora_actual.srcs/sources_1/new</xilinx:tag>
        <xilinx:tag xilinx:name="ui.data.coregen.dd@293a9dfc_ARCHIVE_LOCATION">c:/Users/tomgu/Desktop/Semestre_9/SEP/Proyecto_1/IPCores/hora_actual/hora_actual.srcs/sources_1/new</xilinx:tag>
        <xilinx:tag xilinx:name="ui.data.coregen.dd@1f8916e5_ARCHIVE_LOCATION">c:/Users/tomgu/Desktop/Semestre_9/SEP/Proyecto_1/IPCores/hora_actual/hora_actual.srcs/sources_1/new</xilinx:tag>
        <xilinx:tag xilinx:name="ui.data.coregen.dd@15183d51_ARCHIVE_LOCATION">c:/Users/tomgu/Desktop/Semestre_9/SEP/Proyecto_1/IPCores/hora_actual/hora_actual.srcs/sources_1/new</xilinx:tag>
        <xilinx:tag xilinx:name="ui.data.coregen.dd@61fbd496_ARCHIVE_LOCATION">c:/Users/tomgu/Desktop/Semestre_9/SEP/Proyecto_1/IPCores/hora_actual/hora_actual.srcs/sources_1/new</xilinx:tag>
        <xilinx:tag xilinx:name="ui.data.coregen.dd@6acdcb4d_ARCHIVE_LOCATION">c:/Users/tomgu/Desktop/Semestre_9/SEP/Proyecto_1/IPCores/hora_actual/hora_actual.srcs/sources_1/new</xilinx:tag>
        <xilinx:tag xilinx:name="ui.data.coregen.dd@3654b89b_ARCHIVE_LOCATION">c:/Users/tomgu/Desktop/Semestre_9/SEP/Proyecto_1/IPCores/hora_actual/hora_actual.srcs/sources_1/new</xilinx:tag>
        <xilinx:tag xilinx:name="ui.data.coregen.dd@23a2451b_ARCHIVE_LOCATION">c:/Users/tomgu/Desktop/Semestre_9/SEP/Proyecto_1/IPCores/hora_actual/hora_actual.srcs/sources_1/new</xilinx:tag>
        <xilinx:tag xilinx:name="ui.data.coregen.dd@273f158d_ARCHIVE_LOCATION">c:/Users/tomgu/Desktop/Semestre_9/SEP/Proyecto_1/IPCores/hora_actual/hora_actual.srcs/sources_1/new</xilinx:tag>
        <xilinx:tag xilinx:name="ui.data.coregen.dd@2f0cca4f_ARCHIVE_LOCATION">c:/Users/tomgu/Desktop/Semestre_9/SEP/Proyecto_1/IPCores/hora_actual/hora_actual.srcs/sources_1/new</xilinx:tag>
        <xilinx:tag xilinx:name="ui.data.coregen.dd@331d8f85_ARCHIVE_LOCATION">c:/Users/tomgu/Desktop/Semestre_9/SEP/Proyecto_1/IPCores/hora_actual/hora_actual.srcs/sources_1/new</xilinx:tag>
        <xilinx:tag xilinx:name="ui.data.coregen.dd@2631f187_ARCHIVE_LOCATION">c:/Users/tomgu/Desktop/Semestre_9/SEP/Proyecto_1/IPCores/hora_actual/hora_actual.srcs/sources_1/new</xilinx:tag>
        <xilinx:tag xilinx:name="ui.data.coregen.dd@4701adce_ARCHIVE_LOCATION">c:/Users/tomgu/Desktop/Semestre_9/SEP/Proyecto_1/IPCores/hora_actual/hora_actual.srcs/sources_1/new</xilinx:tag>
        <xilinx:tag xilinx:name="ui.data.coregen.dd@56349c61_ARCHIVE_LOCATION">c:/Users/tomgu/Desktop/Semestre_9/SEP/Proyecto_1/IPCores/hora_actual/hora_actual.srcs/sources_1/new</xilinx:tag>
        <xilinx:tag xilinx:name="ui.data.coregen.dd@fbacd66_ARCHIVE_LOCATION">c:/Users/tomgu/Desktop/Semestre_9/SEP/Proyecto_1/IPCores/hora_actual/hora_actual.srcs/sources_1/new</xilinx:tag>
        <xilinx:tag xilinx:name="ui.data.coregen.dd@6a7b4b33_ARCHIVE_LOCATION">c:/Users/tomgu/Desktop/Semestre_9/SEP/Proyecto_1/IPCores/hora_actual/hora_actual.srcs/sources_1/new</xilinx:tag>
        <xilinx:tag xilinx:name="ui.data.coregen.dd@c05f1c_ARCHIVE_LOCATION">c:/Users/tomgu/Desktop/Semestre_9/SEP/Proyecto_1/IPCores/hora_actual/hora_actual.srcs/sources_1/new</xilinx:tag>
        <xilinx:tag xilinx:name="ui.data.coregen.dd@768103c6_ARCHIVE_LOCATION">c:/Users/tomgu/Desktop/Semestre_9/SEP/Proyecto_1/IPCores/hora_actual/hora_actual.srcs/sources_1/new</xilinx:tag>
        <xilinx:tag xilinx:name="ui.data.coregen.dd@4619c73b_ARCHIVE_LOCATION">c:/Users/tomgu/Desktop/Semestre_9/SEP/Proyecto_1/IPCores/hora_actual/hora_actual.srcs/sources_1/new</xilinx:tag>
        <xilinx:tag xilinx:name="ui.data.coregen.dd@3c3a761e_ARCHIVE_LOCATION">c:/Users/tomgu/Desktop/Semestre_9/SEP/Proyecto_1/IPCores/hora_actual/hora_actual.srcs/sources_1/new</xilinx:tag>
        <xilinx:tag xilinx:name="ui.data.coregen.dd@58a9efae_ARCHIVE_LOCATION">c:/Users/tomgu/Desktop/Semestre_9/SEP/Proyecto_1/IPCores/hora_actual/hora_actual.srcs/sources_1/new</xilinx:tag>
        <xilinx:tag xilinx:name="ui.data.coregen.dd@367e60a7_ARCHIVE_LOCATION">c:/Users/tomgu/Desktop/Semestre_9/SEP/Proyecto_1/IPCores/hora_actual/hora_actual.srcs/sources_1/new</xilinx:tag>
        <xilinx:tag xilinx:name="ui.data.coregen.dd@6703f19f_ARCHIVE_LOCATION">c:/Users/tomgu/Desktop/Semestre_9/SEP/Proyecto_1/IPCores/hora_actual/hora_actual.srcs/sources_1/new</xilinx:tag>
        <xilinx:tag xilinx:name="ui.data.coregen.dd@6e3af0fb_ARCHIVE_LOCATION">c:/Users/tomgu/Desktop/Semestre_9/SEP/Proyecto_1/IPCores/hora_actual/hora_actual.srcs/sources_1/new</xilinx:tag>
        <xilinx:tag xilinx:name="ui.data.coregen.dd@7bbb68d0_ARCHIVE_LOCATION">c:/Users/tomgu/Desktop/Semestre_9/SEP/Proyecto_1/IPCores/hora_actual/hora_actual.srcs/sources_1/new</xilinx:tag>
        <xilinx:tag xilinx:name="ui.data.coregen.dd@3856b2bb_ARCHIVE_LOCATION">c:/Users/tomgu/Desktop/Semestre_9/SEP/Proyecto_1/IPCores/hora_actual/hora_actual.srcs/sources_1/new</xilinx:tag>
        <xilinx:tag xilinx:name="ui.data.coregen.dd@1c683930_ARCHIVE_LOCATION">c:/Users/tomgu/Desktop/Semestre_9/SEP/Proyecto_1/IPCores/hora_actual/hora_actual.srcs/sources_1/new</xilinx:tag>
        <xilinx:tag xilinx:name="ui.data.coregen.dd@153b65d2_ARCHIVE_LOCATION">c:/Users/tomgu/Desktop/Semestre_9/SEP/Proyecto_1/IPCores/hora_actual/hora_actual.srcs/sources_1/new</xilinx:tag>
        <xilinx:tag xilinx:name="ui.data.coregen.dd@482a6a53_ARCHIVE_LOCATION">c:/Users/tomgu/Desktop/Semestre_9/SEP/Proyecto_1/IPCores/hora_actual/hora_actual.srcs/sources_1/new</xilinx:tag>
        <xilinx:tag xilinx:name="ui.data.coregen.dd@37d3c9b3_ARCHIVE_LOCATION">c:/Users/tomgu/Desktop/Semestre_9/SEP/Proyecto_1/IPCores/hora_actual/hora_actual.srcs/sources_1/new</xilinx:tag>
        <xilinx:tag xilinx:name="ui.data.coregen.dd@78023bf3_ARCHIVE_LOCATION">c:/Users/tomgu/Desktop/Semestre_9/SEP/Proyecto_1/IPCores/hora_actual/hora_actual.srcs/sources_1/new</xilinx:tag>
        <xilinx:tag xilinx:name="ui.data.coregen.dd@204cc835_ARCHIVE_LOCATION">c:/Users/tomgu/Desktop/Semestre_9/SEP/Proyecto_1/IPCores/hora_actual/hora_actual.srcs/sources_1/new</xilinx:tag>
        <xilinx:tag xilinx:name="ui.data.coregen.dd@2613915e_ARCHIVE_LOCATION">c:/Users/tomgu/Desktop/Semestre_9/SEP/Proyecto_1/IPCores/hora_actual/hora_actual.srcs/sources_1/new</xilinx:tag>
        <xilinx:tag xilinx:name="ui.data.coregen.dd@5442af90_ARCHIVE_LOCATION">c:/Users/tomgu/Desktop/Semestre_9/SEP/Proyecto_1/IPCores/hora_actual/hora_actual.srcs/sources_1/new</xilinx:tag>
        <xilinx:tag xilinx:name="ui.data.coregen.dd@485aaada_ARCHIVE_LOCATION">c:/Users/tomgu/Desktop/Semestre_9/SEP/Proyecto_1/IPCores/hora_actual/hora_actual.srcs/sources_1/new</xilinx:tag>
        <xilinx:tag xilinx:name="ui.data.coregen.dd@7d681a4f_ARCHIVE_LOCATION">c:/Users/tomgu/Desktop/Semestre_9/SEP/Proyecto_1/IPCores/hora_actual/hora_actual.srcs/sources_1/new</xilinx:tag>
        <xilinx:tag xilinx:name="ui.data.coregen.dd@10a1cab4_ARCHIVE_LOCATION">c:/Users/tomgu/Desktop/Semestre_9/SEP/Proyecto_1/IPCores/hora_actual/hora_actual.srcs/sources_1/new</xilinx:tag>
        <xilinx:tag xilinx:name="ui.data.coregen.dd@222b911b_ARCHIVE_LOCATION">c:/Users/tomgu/Desktop/Semestre_9/SEP/Proyecto_1/IPCores/hora_actual/hora_actual.srcs/sources_1/new</xilinx:tag>
        <xilinx:tag xilinx:name="ui.data.coregen.dd@15febfce_ARCHIVE_LOCATION">c:/Users/tomgu/Desktop/Semestre_9/SEP/Proyecto_1/IPCores/hora_actual/hora_actual.srcs/sources_1/new</xilinx:tag>
        <xilinx:tag xilinx:name="ui.data.coregen.dd@7dd8c2b_ARCHIVE_LOCATION">c:/Users/tomgu/Desktop/Semestre_9/SEP/Proyecto_1/IPCores/hora_actual/hora_actual.srcs/sources_1/new</xilinx:tag>
        <xilinx:tag xilinx:name="ui.data.coregen.dd@3a3ce5a3_ARCHIVE_LOCATION">c:/Users/tomgu/Desktop/Semestre_9/SEP/Proyecto_1/IPCores/hora_actual/hora_actual.srcs/sources_1/new</xilinx:tag>
        <xilinx:tag xilinx:name="ui.data.coregen.dd@2f4da940_ARCHIVE_LOCATION">c:/Users/tomgu/Desktop/Semestre_9/SEP/Proyecto_1/IPCores/hora_actual/hora_actual.srcs/sources_1/new</xilinx:tag>
        <xilinx:tag xilinx:name="ui.data.coregen.dd@745b38f3_ARCHIVE_LOCATION">c:/Users/tomgu/Desktop/Semestre_9/SEP/Proyecto_1/IPCores/hora_actual/hora_actual.srcs/sources_1/new</xilinx:tag>
        <xilinx:tag xilinx:name="ui.data.coregen.dd@209d9ad2_ARCHIVE_LOCATION">c:/Users/tomgu/Desktop/Semestre_9/SEP/Proyecto_1/IPCores/hora_actual/hora_actual.srcs/sources_1/new</xilinx:tag>
        <xilinx:tag xilinx:name="ui.data.coregen.dd@17b15d35_ARCHIVE_LOCATION">c:/Users/tomgu/Desktop/Semestre_9/SEP/Proyecto_1/IPCores/hora_actual/hora_actual.srcs/sources_1/new</xilinx:tag>
        <xilinx:tag xilinx:name="ui.data.coregen.dd@56daee44_ARCHIVE_LOCATION">c:/Users/tomgu/Desktop/Semestre_9/SEP/Proyecto_1/IPCores/hora_actual/hora_actual.srcs/sources_1/new</xilinx:tag>
        <xilinx:tag xilinx:name="ui.data.coregen.dd@fb30b9c_ARCHIVE_LOCATION">c:/Users/tomgu/Desktop/Semestre_9/SEP/Proyecto_1/IPCores/hora_actual/hora_actual.srcs/sources_1/new</xilinx:tag>
        <xilinx:tag xilinx:name="ui.data.coregen.dd@6276fccd_ARCHIVE_LOCATION">d:/Trabajos_UC/9 noveno semestre/SEP/Proyecto/Proyecto_VI/PRO_F/IPCores1/hora_actual/hora_actual.srcs/sources_1/new</xilinx:tag>
        <xilinx:tag xilinx:name="ui.data.coregen.dd@79c89072_ARCHIVE_LOCATION">d:/Trabajos_UC/9 noveno semestre/SEP/Proyecto/Proyecto_VI/PRO_F/IPCores1/hora_actual/hora_actual.srcs/sources_1/new</xilinx:tag>
        <xilinx:tag xilinx:name="ui.data.coregen.dd@6d58dec4_ARCHIVE_LOCATION">d:/Trabajos_UC/9 noveno semestre/SEP/Proyecto/Proyecto_VI/PRO_F/IPCores1/hora_actual/hora_actual.srcs/sources_1/new</xilinx:tag>
        <xilinx:tag xilinx:name="ui.data.coregen.dd@3bc621f_ARCHIVE_LOCATION">d:/Trabajos_UC/9 noveno semestre/SEP/Proyecto/Proyecto_VI/PRO_F/IPCores1/hora_actual/hora_actual.srcs/sources_1/new</xilinx:tag>
        <xilinx:tag xilinx:name="ui.data.coregen.dd@114676d0_ARCHIVE_LOCATION">d:/Trabajos_UC/9 noveno semestre/SEP/Proyecto/Proyecto_VI/PRO_F/IPCores1/hora_actual/hora_actual.srcs/sources_1/new</xilinx:tag>
        <xilinx:tag xilinx:name="ui.data.coregen.dd@49290390_ARCHIVE_LOCATION">d:/Trabajos_UC/9 noveno semestre/SEP/Proyecto/Proyecto_VI/PRO_F/IPCores1/hora_actual/hora_actual.srcs/sources_1/new</xilinx:tag>
        <xilinx:tag xilinx:name="ui.data.coregen.dd@4e9c012f_ARCHIVE_LOCATION">d:/Trabajos_UC/9 noveno semestre/SEP/Proyecto/Proyecto_VI/PRO_F/IPCores1/hora_actual/hora_actual.srcs/sources_1/new</xilinx:tag>
        <xilinx:tag xilinx:name="ui.data.coregen.dd@6fb8e78e_ARCHIVE_LOCATION">d:/Trabajos_UC/9 noveno semestre/SEP/Proyecto/Proyecto_VI/PRO_F/IPCores1/hora_actual/hora_actual.srcs/sources_1/new</xilinx:tag>
        <xilinx:tag xilinx:name="ui.data.coregen.dd@266a113c_ARCHIVE_LOCATION">d:/Trabajos_UC/9 noveno semestre/SEP/Proyecto/Proyecto_VI/PRO_F/IPCores1/hora_actual/hora_actual.srcs/sources_1/new</xilinx:tag>
        <xilinx:tag xilinx:name="ui.data.coregen.dd@7577d74e_ARCHIVE_LOCATION">d:/Trabajos_UC/9 noveno semestre/SEP/Proyecto/Proyecto_VI/PRO_F/IPCores1/hora_actual/hora_actual.srcs/sources_1/new</xilinx:tag>
        <xilinx:tag xilinx:name="ui.data.coregen.dd@227e36fb_ARCHIVE_LOCATION">d:/Trabajos_UC/9 noveno semestre/SEP/Proyecto/Proyecto_VI/PRO_F/IPCores1/hora_actual/hora_actual.srcs/sources_1/new</xilinx:tag>
      </xilinx:tags>
    </xilinx:coreExtensions>
    <xilinx:packagingInfo>
      <xilinx:xilinxVersion>2020.1</xilinx:xilinxVersion>
      <xilinx:checksum xilinx:scope="busInterfaces" xilinx:value="a88d4390"/>
      <xilinx:checksum xilinx:scope="fileGroups" xilinx:value="ab465fef"/>
      <xilinx:checksum xilinx:scope="ports" xilinx:value="70885902"/>
      <xilinx:checksum xilinx:scope="hdlParameters" xilinx:value="835ea7c7"/>
      <xilinx:checksum xilinx:scope="parameters" xilinx:value="ea9e5d2f"/>
    </xilinx:packagingInfo>
  </spirit:vendorExtensions>
</spirit:component>
