<?xml version="1.0" encoding="UTF-8"?>
<GenRun Id="impl_1" LaunchPart="xc7z010clg400-1" LaunchTime="1715374267">
  <File Type="ROUTE-PWR" Name="modulo_conversor_power_routed.rpt"/>
  <File Type="PA-TCL" Name="modulo_conversor.tcl"/>
  <File Type="ROUTE-PWR-SUM" Name="modulo_conversor_power_summary_routed.pb"/>
  <File Type="REPORTS-TCL" Name="modulo_conversor_reports.tcl"/>
  <File Type="BITSTR-MSK" Name="modulo_conversor.msk"/>
  <File Type="ROUTE-CLK" Name="modulo_conversor_clock_utilization_routed.rpt"/>
  <File Type="RDI-RDI" Name="modulo_conversor.vdi"/>
  <File Type="BG-BIT" Name="modulo_conversor.bit"/>
  <File Type="BG-DRC" Name="modulo_conversor.drc"/>
  <File Type="BG-BGN" Name="modulo_conversor.bgn"/>
  <File Type="BG-BIN" Name="modulo_conversor.bin"/>
  <File Type="BITSTR-RBT" Name="modulo_conversor.rbt"/>
  <File Type="BITSTR-NKY" Name="modulo_conversor.nky"/>
  <File Type="BITSTR-BMM" Name="modulo_conversor_bd.bmm"/>
  <File Type="ROUTE-METHODOLOGY-DRC" Name="modulo_conversor_methodology_drc_routed.rpt"/>
  <File Type="BITSTR-MMI" Name="modulo_conversor.mmi"/>
  <File Type="ROUTE-METHODOLOGY-DRC-PB" Name="modulo_conversor_methodology_drc_routed.pb"/>
  <File Type="BITSTR-SYSDEF" Name="modulo_conversor.sysdef"/>
  <File Type="ROUTE-DRC-RPX" Name="modulo_conversor_drc_routed.rpx"/>
  <File Type="BITSTR-LTX" Name="debug_nets.ltx"/>
  <File Type="BITSTR-LTX" Name="modulo_conversor.ltx"/>
  <File Type="RCFI_FILE" Name="modulo_conversor.rcfi"/>
  <File Type="WBT-USG" Name="usage_statistics_webtalk.html"/>
  <File Type="OPT-DRC" Name="modulo_conversor_drc_opted.rpt"/>
  <File Type="OPT-HWDEF" Name="modulo_conversor.hwdef"/>
  <File Type="PLACE-IO" Name="modulo_conversor_io_placed.rpt"/>
  <File Type="PLACE-UTIL" Name="modulo_conversor_utilization_placed.rpt"/>
  <File Type="PLACE-UTIL-PB" Name="modulo_conversor_utilization_placed.pb"/>
  <File Type="PLACE-CTRL" Name="modulo_conversor_control_sets_placed.rpt"/>
  <File Type="PLACE-PRE-SIMILARITY" Name="modulo_conversor_incremental_reuse_pre_placed.rpt"/>
  <File Type="ROUTE-DRC" Name="modulo_conversor_drc_routed.rpt"/>
  <File Type="ROUTE-DRC-PB" Name="modulo_conversor_drc_routed.pb"/>
  <File Type="ROUTE-PWR-RPX" Name="modulo_conversor_power_routed.rpx"/>
  <File Type="ROUTE-STATUS" Name="modulo_conversor_route_status.rpt"/>
  <File Type="ROUTE-STATUS-PB" Name="modulo_conversor_route_status.pb"/>
  <File Type="ROUTE-DCP" Name="modulo_conversor_routed.dcp"/>
  <File Type="ROUTE-ERROR-DCP" Name="modulo_conversor_routed_error.dcp"/>
  <File Type="ROUTE-BLACKBOX-DCP" Name="modulo_conversor_routed_bb.dcp"/>
  <File Type="ROUTE-TIMINGSUMMARY" Name="modulo_conversor_timing_summary_routed.rpt"/>
  <File Type="ROUTE-TIMING-PB" Name="modulo_conversor_timing_summary_routed.pb"/>
  <File Type="ROUTE-TIMING-RPX" Name="modulo_conversor_timing_summary_routed.rpx"/>
  <File Type="ROUTE-BUS-SKEW" Name="modulo_conversor_bus_skew_routed.rpt"/>
  <File Type="ROUTE-BUS-SKEW-PB" Name="modulo_conversor_bus_skew_routed.pb"/>
  <File Type="ROUTE-BUS-SKEW-RPX" Name="modulo_conversor_bus_skew_routed.rpx"/>
  <File Type="OPT-DCP" Name="modulo_conversor_opt.dcp"/>
  <File Type="PLACE-DCP" Name="modulo_conversor_placed.dcp"/>
  <File Type="PWROPT-DCP" Name="modulo_conversor_pwropt.dcp"/>
  <File Type="POSTPLACE-PWROPT-DCP" Name="modulo_conversor_postplace_pwropt.dcp"/>
  <File Type="PHYSOPT-DCP" Name="modulo_conversor_physopt.dcp"/>
  <File Type="POSTROUTE-PHYSOPT-DCP" Name="modulo_conversor_postroute_physopt.dcp"/>
  <File Type="POSTROUTE-PHYSOPT-BLACKBOX-DCP" Name="modulo_conversor_postroute_physopt_bb.dcp"/>
  <File Type="ROUTE-METHODOLOGY-DRC-RPX" Name="modulo_conversor_methodology_drc_routed.rpx"/>
  <File Type="PDI-FILE" Name="modulo_conversor.pdi"/>
  <File Type="CFI_FILE" Name="modulo_conversor.cfi"/>
  <File Type="RNPI_FILE" Name="modulo_conversor.rnpi"/>
  <File Type="NPI_FILE" Name="modulo_conversor.npi"/>
  <File Type="RBD_FILE" Name="modulo_conversor.rbd"/>
  <FileSet Name="sources" Type="DesignSrcs" RelSrcDir="$PSRCDIR/sources_1">
    <Filter Type="Srcs"/>
    <File Path="$PSRCDIR/sources_1/new/conversion_hora.vhd">
      <FileInfo>
        <Attr Name="UsedIn" Val="synthesis"/>
        <Attr Name="UsedIn" Val="simulation"/>
      </FileInfo>
    </File>
    <File Path="$PSRCDIR/sources_1/new/distribucion_datos.vhd">
      <FileInfo>
        <Attr Name="UsedIn" Val="synthesis"/>
        <Attr Name="UsedIn" Val="simulation"/>
      </FileInfo>
    </File>
    <File Path="$PSRCDIR/sources_1/new/driver_VIO.vhd">
      <FileInfo>
        <Attr Name="UsedIn" Val="synthesis"/>
        <Attr Name="UsedIn" Val="simulation"/>
      </FileInfo>
    </File>
    <File Path="$PSRCDIR/sources_1/new/recepcion_datos.vhd">
      <FileInfo>
        <Attr Name="UsedIn" Val="synthesis"/>
        <Attr Name="UsedIn" Val="simulation"/>
      </FileInfo>
    </File>
    <File Path="$PSRCDIR/sources_1/new/modulo_conversor.vhd">
      <FileInfo>
        <Attr Name="UsedIn" Val="synthesis"/>
        <Attr Name="UsedIn" Val="simulation"/>
      </FileInfo>
    </File>
    <File Path="$PSRCDIR/sources_1/new/component.xml">
      <FileInfo SFType="IPXACT"/>
    </File>
    <Config>
      <Option Name="DesignMode" Val="RTL"/>
      <Option Name="TopModule" Val="modulo_conversor"/>
    </Config>
  </FileSet>
  <FileSet Name="constrs_in" Type="Constrs" RelSrcDir="$PSRCDIR/constrs_1">
    <Filter Type="Constrs"/>
    <Config>
      <Option Name="ConstrsType" Val="XDC"/>
    </Config>
  </FileSet>
  <FileSet Name="utils" Type="Utils" RelSrcDir="$PSRCDIR/utils_1">
    <Filter Type="Utils"/>
    <Config>
      <Option Name="TopAutoSet" Val="TRUE"/>
    </Config>
  </FileSet>
  <Strategy Version="1" Minor="2">
    <StratHandle Name="Vivado Implementation Defaults" Flow="Vivado Implementation 2020"/>
    <Step Id="init_design"/>
    <Step Id="opt_design"/>
    <Step Id="power_opt_design"/>
    <Step Id="place_design"/>
    <Step Id="post_place_power_opt_design"/>
    <Step Id="phys_opt_design"/>
    <Step Id="route_design"/>
    <Step Id="post_route_phys_opt_design"/>
    <Step Id="write_bitstream"/>
    <Step Id="write_device_image"/>
  </Strategy>
</GenRun>
