<?xml version="1.0" encoding="UTF-8"?>
<GenRun Id="synth_1" LaunchPart="xc7z010clg400-1" LaunchTime="1715279701">
  <File Type="PA-TCL" Name="actualizador_resultado_hora.tcl"/>
  <File Type="RDS-PROPCONSTRS" Name="actualizador_resultado_hora_drc_synth.rpt"/>
  <File Type="REPORTS-TCL" Name="actualizador_resultado_hora_reports.tcl"/>
  <File Type="RDS-RDS" Name="actualizador_resultado_hora.vds"/>
  <File Type="RDS-UTIL" Name="actualizador_resultado_hora_utilization_synth.rpt"/>
  <File Type="RDS-UTIL-PB" Name="actualizador_resultado_hora_utilization_synth.pb"/>
  <File Type="RDS-DCP" Name="actualizador_resultado_hora.dcp"/>
  <File Type="VDS-TIMINGSUMMARY" Name="actualizador_resultado_hora_timing_summary_synth.rpt"/>
  <File Type="VDS-TIMING-PB" Name="actualizador_resultado_hora_timing_summary_synth.pb"/>
  <FileSet Name="sources" Type="DesignSrcs" RelSrcDir="$PSRCDIR/sources_1">
    <Filter Type="Srcs"/>
    <File Path="$PSRCDIR/sources_1/new/actualizador_resultado_hora.vhd">
      <FileInfo>
        <Attr Name="UsedIn" Val="synthesis"/>
        <Attr Name="UsedIn" Val="simulation"/>
      </FileInfo>
    </File>
    <File Path="$PSRCDIR/sources_1/new/component.xml">
      <FileInfo SFType="IPXACT"/>
    </File>
    <Config>
      <Option Name="DesignMode" Val="RTL"/>
      <Option Name="TopModule" Val="actualizador_resultado_hora"/>
      <Option Name="TopAutoSet" Val="TRUE"/>
    </Config>
  </FileSet>
  <FileSet Name="constrs_in" Type="Constrs" RelSrcDir="$PSRCDIR/constrs_1">
    <Filter Type="Constrs"/>
    <Config>
      <Option Name="ConstrsType" Val="XDC"/>
    </Config>
  </FileSet>
  <FileSet Name="utils" Type="Utils" RelSrcDir="$PSRCDIR/utils_1">
    <Filter Type="Utils"/>
    <Config>
      <Option Name="TopAutoSet" Val="TRUE"/>
    </Config>
  </FileSet>
  <Strategy Version="1" Minor="2">
    <StratHandle Name="Vivado Synthesis Defaults" Flow="Vivado Synthesis 2020"/>
    <Step Id="synth_design"/>
  </Strategy>
</GenRun>
