<?xml version="1.0" encoding="UTF-8"?>
<spirit:component xmlns:xilinx="http://www.xilinx.com" xmlns:spirit="http://www.spiritconsortium.org/XMLSchema/SPIRIT/1685-2009" xmlns:xsi="http://www.w3.org/2001/XMLSchema-instance">
  <spirit:vendor>xilinx.com</spirit:vendor>
  <spirit:library>user</spirit:library>
  <spirit:name>actualizador_resultado_hora</spirit:name>
  <spirit:version>1.0</spirit:version>
  <spirit:busInterfaces>
    <spirit:busInterface>
      <spirit:name>clk</spirit:name>
      <spirit:busType spirit:vendor="xilinx.com" spirit:library="signal" spirit:name="clock" spirit:version="1.0"/>
      <spirit:abstractionType spirit:vendor="xilinx.com" spirit:library="signal" spirit:name="clock_rtl" spirit:version="1.0"/>
      <spirit:slave/>
      <spirit:portMaps>
        <spirit:portMap>
          <spirit:logicalPort>
            <spirit:name>CLK</spirit:name>
          </spirit:logicalPort>
          <spirit:physicalPort>
            <spirit:name>clk</spirit:name>
          </spirit:physicalPort>
        </spirit:portMap>
      </spirit:portMaps>
    </spirit:busInterface>
  </spirit:busInterfaces>
  <spirit:model>
    <spirit:views>
      <spirit:view>
        <spirit:name>xilinx_anylanguagesynthesis</spirit:name>
        <spirit:displayName>Synthesis</spirit:displayName>
        <spirit:envIdentifier>:vivado.xilinx.com:synthesis</spirit:envIdentifier>
        <spirit:language>VHDL</spirit:language>
        <spirit:modelName>actualizador_resultado_hora</spirit:modelName>
        <spirit:fileSetRef>
          <spirit:localName>xilinx_anylanguagesynthesis_view_fileset</spirit:localName>
        </spirit:fileSetRef>
        <spirit:parameters>
          <spirit:parameter>
            <spirit:name>viewChecksum</spirit:name>
            <spirit:value>ad2137f8</spirit:value>
          </spirit:parameter>
        </spirit:parameters>
      </spirit:view>
      <spirit:view>
        <spirit:name>xilinx_anylanguagebehavioralsimulation</spirit:name>
        <spirit:displayName>Simulation</spirit:displayName>
        <spirit:envIdentifier>:vivado.xilinx.com:simulation</spirit:envIdentifier>
        <spirit:language>VHDL</spirit:language>
        <spirit:modelName>actualizador_resultado_hora</spirit:modelName>
        <spirit:fileSetRef>
          <spirit:localName>xilinx_anylanguagebehavioralsimulation_view_fileset</spirit:localName>
        </spirit:fileSetRef>
        <spirit:parameters>
          <spirit:parameter>
            <spirit:name>viewChecksum</spirit:name>
            <spirit:value>ad2137f8</spirit:value>
          </spirit:parameter>
        </spirit:parameters>
      </spirit:view>
      <spirit:view>
        <spirit:name>xilinx_xpgui</spirit:name>
        <spirit:displayName>UI Layout</spirit:displayName>
        <spirit:envIdentifier>:vivado.xilinx.com:xgui.ui</spirit:envIdentifier>
        <spirit:fileSetRef>
          <spirit:localName>xilinx_xpgui_view_fileset</spirit:localName>
        </spirit:fileSetRef>
        <spirit:parameters>
          <spirit:parameter>
            <spirit:name>viewChecksum</spirit:name>
            <spirit:value>f64a5dae</spirit:value>
          </spirit:parameter>
        </spirit:parameters>
      </spirit:view>
      <spirit:view>
        <spirit:name>xilinx_testbench</spirit:name>
        <spirit:displayName>Test Bench</spirit:displayName>
        <spirit:envIdentifier>:vivado.xilinx.com:simulation.testbench</spirit:envIdentifier>
        <spirit:modelName>tb_actualizador_hora</spirit:modelName>
        <spirit:fileSetRef>
          <spirit:localName>xilinx_testbench_view_fileset</spirit:localName>
        </spirit:fileSetRef>
        <spirit:parameters>
          <spirit:parameter>
            <spirit:name>viewChecksum</spirit:name>
            <spirit:value>e3565a30</spirit:value>
          </spirit:parameter>
        </spirit:parameters>
      </spirit:view>
    </spirit:views>
    <spirit:ports>
      <spirit:port>
        <spirit:name>clk</spirit:name>
        <spirit:wire>
          <spirit:direction>in</spirit:direction>
          <spirit:wireTypeDefs>
            <spirit:wireTypeDef>
              <spirit:typeName>std_logic</spirit:typeName>
              <spirit:viewNameRef>xilinx_anylanguagesynthesis</spirit:viewNameRef>
              <spirit:viewNameRef>xilinx_anylanguagebehavioralsimulation</spirit:viewNameRef>
            </spirit:wireTypeDef>
          </spirit:wireTypeDefs>
        </spirit:wire>
      </spirit:port>
      <spirit:port>
        <spirit:name>hora_actual</spirit:name>
        <spirit:wire>
          <spirit:direction>in</spirit:direction>
          <spirit:vector>
            <spirit:left spirit:format="long">7</spirit:left>
            <spirit:right spirit:format="long">0</spirit:right>
          </spirit:vector>
          <spirit:wireTypeDefs>
            <spirit:wireTypeDef>
              <spirit:typeName>std_logic_vector</spirit:typeName>
              <spirit:viewNameRef>xilinx_anylanguagesynthesis</spirit:viewNameRef>
              <spirit:viewNameRef>xilinx_anylanguagebehavioralsimulation</spirit:viewNameRef>
            </spirit:wireTypeDef>
          </spirit:wireTypeDefs>
          <spirit:driver>
            <spirit:defaultValue spirit:format="bitString" spirit:bitStringLength="8">0x00</spirit:defaultValue>
          </spirit:driver>
        </spirit:wire>
      </spirit:port>
      <spirit:port>
        <spirit:name>minuto_actual</spirit:name>
        <spirit:wire>
          <spirit:direction>in</spirit:direction>
          <spirit:vector>
            <spirit:left spirit:format="long">7</spirit:left>
            <spirit:right spirit:format="long">0</spirit:right>
          </spirit:vector>
          <spirit:wireTypeDefs>
            <spirit:wireTypeDef>
              <spirit:typeName>std_logic_vector</spirit:typeName>
              <spirit:viewNameRef>xilinx_anylanguagesynthesis</spirit:viewNameRef>
              <spirit:viewNameRef>xilinx_anylanguagebehavioralsimulation</spirit:viewNameRef>
            </spirit:wireTypeDef>
          </spirit:wireTypeDefs>
          <spirit:driver>
            <spirit:defaultValue spirit:format="bitString" spirit:bitStringLength="8">0x00</spirit:defaultValue>
          </spirit:driver>
        </spirit:wire>
      </spirit:port>
      <spirit:port>
        <spirit:name>resultado_hora</spirit:name>
        <spirit:wire>
          <spirit:direction>in</spirit:direction>
          <spirit:vector>
            <spirit:left spirit:format="long">7</spirit:left>
            <spirit:right spirit:format="long">0</spirit:right>
          </spirit:vector>
          <spirit:wireTypeDefs>
            <spirit:wireTypeDef>
              <spirit:typeName>std_logic_vector</spirit:typeName>
              <spirit:viewNameRef>xilinx_anylanguagesynthesis</spirit:viewNameRef>
              <spirit:viewNameRef>xilinx_anylanguagebehavioralsimulation</spirit:viewNameRef>
            </spirit:wireTypeDef>
          </spirit:wireTypeDefs>
          <spirit:driver>
            <spirit:defaultValue spirit:format="bitString" spirit:bitStringLength="8">0x00</spirit:defaultValue>
          </spirit:driver>
        </spirit:wire>
      </spirit:port>
      <spirit:port>
        <spirit:name>hora_driver</spirit:name>
        <spirit:wire>
          <spirit:direction>out</spirit:direction>
          <spirit:vector>
            <spirit:left spirit:format="long">7</spirit:left>
            <spirit:right spirit:format="long">0</spirit:right>
          </spirit:vector>
          <spirit:wireTypeDefs>
            <spirit:wireTypeDef>
              <spirit:typeName>std_logic_vector</spirit:typeName>
              <spirit:viewNameRef>xilinx_anylanguagesynthesis</spirit:viewNameRef>
              <spirit:viewNameRef>xilinx_anylanguagebehavioralsimulation</spirit:viewNameRef>
            </spirit:wireTypeDef>
          </spirit:wireTypeDefs>
          <spirit:driver>
            <spirit:defaultValue spirit:format="bitString" spirit:bitStringLength="8">0x00</spirit:defaultValue>
          </spirit:driver>
        </spirit:wire>
      </spirit:port>
      <spirit:port>
        <spirit:name>minuto_driver</spirit:name>
        <spirit:wire>
          <spirit:direction>out</spirit:direction>
          <spirit:vector>
            <spirit:left spirit:format="long">7</spirit:left>
            <spirit:right spirit:format="long">0</spirit:right>
          </spirit:vector>
          <spirit:wireTypeDefs>
            <spirit:wireTypeDef>
              <spirit:typeName>std_logic_vector</spirit:typeName>
              <spirit:viewNameRef>xilinx_anylanguagesynthesis</spirit:viewNameRef>
              <spirit:viewNameRef>xilinx_anylanguagebehavioralsimulation</spirit:viewNameRef>
            </spirit:wireTypeDef>
          </spirit:wireTypeDefs>
          <spirit:driver>
            <spirit:defaultValue spirit:format="bitString" spirit:bitStringLength="8">0x00</spirit:defaultValue>
          </spirit:driver>
        </spirit:wire>
      </spirit:port>
    </spirit:ports>
  </spirit:model>
  <spirit:fileSets>
    <spirit:fileSet>
      <spirit:name>xilinx_anylanguagesynthesis_view_fileset</spirit:name>
      <spirit:file>
        <spirit:name>actualizador_resultado_hora.vhd</spirit:name>
        <spirit:fileType>vhdlSource</spirit:fileType>
        <spirit:userFileType>CHECKSUM_ad2137f8</spirit:userFileType>
      </spirit:file>
    </spirit:fileSet>
    <spirit:fileSet>
      <spirit:name>xilinx_anylanguagebehavioralsimulation_view_fileset</spirit:name>
      <spirit:file>
        <spirit:name>actualizador_resultado_hora.vhd</spirit:name>
        <spirit:fileType>vhdlSource</spirit:fileType>
      </spirit:file>
    </spirit:fileSet>
    <spirit:fileSet>
      <spirit:name>xilinx_xpgui_view_fileset</spirit:name>
      <spirit:file>
        <spirit:name>xgui/actualizador_resultado_hora_v1_0.tcl</spirit:name>
        <spirit:fileType>tclSource</spirit:fileType>
        <spirit:userFileType>CHECKSUM_f64a5dae</spirit:userFileType>
        <spirit:userFileType>XGUI_VERSION_2</spirit:userFileType>
      </spirit:file>
    </spirit:fileSet>
    <spirit:fileSet>
      <spirit:name>xilinx_testbench_view_fileset</spirit:name>
      <spirit:file>
        <spirit:name>../../sim_1/new/tb_actualizador_hora.vhd</spirit:name>
        <spirit:fileType>vhdlSource</spirit:fileType>
        <spirit:userFileType>USED_IN_simulation</spirit:userFileType>
        <spirit:userFileType>USED_IN_testbench</spirit:userFileType>
      </spirit:file>
    </spirit:fileSet>
  </spirit:fileSets>
  <spirit:description>actualizador_resultado_hora_v1_0</spirit:description>
  <spirit:parameters>
    <spirit:parameter>
      <spirit:name>Component_Name</spirit:name>
      <spirit:value spirit:resolve="user" spirit:id="PARAM_VALUE.Component_Name" spirit:order="1">actualizador_resultado_hora_v1_0</spirit:value>
    </spirit:parameter>
  </spirit:parameters>
  <spirit:vendorExtensions>
    <xilinx:coreExtensions>
      <xilinx:supportedFamilies>
        <xilinx:family xilinx:lifeCycle="Production">zynq</xilinx:family>
        <xilinx:family xilinx:lifeCycle="Production">qzynq</xilinx:family>
        <xilinx:family xilinx:lifeCycle="Production">azynq</xilinx:family>
        <xilinx:family xilinx:lifeCycle="Production">zynquplus</xilinx:family>
        <xilinx:family xilinx:lifeCycle="Production">virtexuplus</xilinx:family>
        <xilinx:family xilinx:lifeCycle="Production">virtexuplusHBM</xilinx:family>
        <xilinx:family xilinx:lifeCycle="Production">kintexu</xilinx:family>
      </xilinx:supportedFamilies>
      <xilinx:taxonomies>
        <xilinx:taxonomy>/UserIP</xilinx:taxonomy>
      </xilinx:taxonomies>
      <xilinx:displayName>actualizador_resultado_hora_v1_0</xilinx:displayName>
      <xilinx:definitionSource>package_project</xilinx:definitionSource>
      <xilinx:coreRevision>7</xilinx:coreRevision>
      <xilinx:coreCreationDateTime>2024-05-12T00:13:15Z</xilinx:coreCreationDateTime>
      <xilinx:tags>
        <xilinx:tag xilinx:name="ui.data.coregen.dd@1b9f14f9_ARCHIVE_LOCATION">c:/users/tomgu/desktop/semestre_9/sep/proyecto_1/actualizador_resultado/actualizador_resultado.srcs/sources_1/new</xilinx:tag>
        <xilinx:tag xilinx:name="ui.data.coregen.dd@15b9a0fb_ARCHIVE_LOCATION">c:/users/tomgu/desktop/semestre_9/sep/proyecto_1/actualizador_resultado/actualizador_resultado.srcs/sources_1/new</xilinx:tag>
        <xilinx:tag xilinx:name="ui.data.coregen.dd@739d2754_ARCHIVE_LOCATION">c:/users/tomgu/desktop/semestre_9/sep/proyecto_1/actualizador_resultado/actualizador_resultado.srcs/sources_1/new</xilinx:tag>
        <xilinx:tag xilinx:name="ui.data.coregen.dd@1d96deb7_ARCHIVE_LOCATION">c:/users/tomgu/desktop/semestre_9/sep/proyecto_1/actualizador_resultado/actualizador_resultado.srcs/sources_1/new</xilinx:tag>
        <xilinx:tag xilinx:name="ui.data.coregen.dd@3f61e067_ARCHIVE_LOCATION">c:/users/tomgu/desktop/semestre_9/sep/proyecto_1/actualizador_resultado/actualizador_resultado.srcs/sources_1/new</xilinx:tag>
        <xilinx:tag xilinx:name="ui.data.coregen.dd@76008d33_ARCHIVE_LOCATION">c:/Users/tomgu/Desktop/Semestre_9/SEP/Proyecto_1/IPCores/actualizador_resultado/actualizador_resultado.srcs/sources_1/new</xilinx:tag>
        <xilinx:tag xilinx:name="ui.data.coregen.dd@397d4829_ARCHIVE_LOCATION">c:/Users/tomgu/Desktop/Semestre_9/SEP/Proyecto_1/IPCores/actualizador_resultado/actualizador_resultado.srcs/sources_1/new</xilinx:tag>
        <xilinx:tag xilinx:name="ui.data.coregen.dd@3a1459f6_ARCHIVE_LOCATION">c:/Users/tomgu/Desktop/Semestre_9/SEP/Proyecto_1/IPCores/actualizador_resultado/actualizador_resultado.srcs/sources_1/new</xilinx:tag>
        <xilinx:tag xilinx:name="ui.data.coregen.dd@395bd6c3_ARCHIVE_LOCATION">c:/Users/tomgu/Desktop/Semestre_9/SEP/Proyecto_1/IPCores/actualizador_resultado/actualizador_resultado.srcs/sources_1/new</xilinx:tag>
        <xilinx:tag xilinx:name="ui.data.coregen.dd@5022e1f0_ARCHIVE_LOCATION">c:/Users/tomgu/Desktop/Semestre_9/SEP/Proyecto_1/IPCores/actualizador_resultado/actualizador_resultado.srcs/sources_1/new</xilinx:tag>
        <xilinx:tag xilinx:name="ui.data.coregen.dd@4b5fbdb8_ARCHIVE_LOCATION">c:/Users/tomgu/Desktop/Semestre_9/SEP/Proyecto_1/IPCores/actualizador_resultado/actualizador_resultado.srcs/sources_1/new</xilinx:tag>
        <xilinx:tag xilinx:name="ui.data.coregen.dd@37ff453_ARCHIVE_LOCATION">c:/Users/tomgu/Desktop/Semestre_9/SEP/Proyecto_1/IPCores/actualizador_resultado/actualizador_resultado.srcs/sources_1/new</xilinx:tag>
        <xilinx:tag xilinx:name="ui.data.coregen.dd@7c5c8bcb_ARCHIVE_LOCATION">c:/Users/tomgu/Desktop/Semestre_9/SEP/Proyecto_1/IPCores/actualizador_resultado/actualizador_resultado.srcs/sources_1/new</xilinx:tag>
        <xilinx:tag xilinx:name="ui.data.coregen.dd@7c337078_ARCHIVE_LOCATION">c:/Users/tomgu/Desktop/Semestre_9/SEP/Proyecto_1/IPCores/actualizador_resultado/actualizador_resultado.srcs/sources_1/new</xilinx:tag>
        <xilinx:tag xilinx:name="ui.data.coregen.dd@64d91928_ARCHIVE_LOCATION">c:/Users/tomgu/Desktop/Semestre_9/SEP/Proyecto_1/IPCores/actualizador_resultado/actualizador_resultado.srcs/sources_1/new</xilinx:tag>
        <xilinx:tag xilinx:name="ui.data.coregen.dd@186d2b26_ARCHIVE_LOCATION">c:/Users/tomgu/Desktop/Semestre_9/SEP/Proyecto_1/IPCores/actualizador_resultado/actualizador_resultado.srcs/sources_1/new</xilinx:tag>
        <xilinx:tag xilinx:name="ui.data.coregen.dd@77d7d79e_ARCHIVE_LOCATION">c:/Users/tomgu/Desktop/Semestre_9/SEP/Proyecto_1/IPCores/actualizador_resultado/actualizador_resultado.srcs/sources_1/new</xilinx:tag>
        <xilinx:tag xilinx:name="ui.data.coregen.dd@40126ecb_ARCHIVE_LOCATION">c:/Users/tomgu/Desktop/Semestre_9/SEP/Proyecto_1/IPCores/actualizador_resultado/actualizador_resultado.srcs/sources_1/new</xilinx:tag>
        <xilinx:tag xilinx:name="ui.data.coregen.dd@639b0371_ARCHIVE_LOCATION">c:/Users/tomgu/Desktop/Semestre_9/SEP/Proyecto_1/IPCores/actualizador_resultado/actualizador_resultado.srcs/sources_1/new</xilinx:tag>
        <xilinx:tag xilinx:name="ui.data.coregen.dd@7d53ed95_ARCHIVE_LOCATION">c:/Users/tomgu/Desktop/Semestre_9/SEP/Proyecto_1/IPCores/actualizador_resultado/actualizador_resultado.srcs/sources_1/new</xilinx:tag>
        <xilinx:tag xilinx:name="ui.data.coregen.dd@ece6839_ARCHIVE_LOCATION">c:/Users/tomgu/Desktop/Semestre_9/SEP/Proyecto_1/IPCores/actualizador_resultado/actualizador_resultado.srcs/sources_1/new</xilinx:tag>
        <xilinx:tag xilinx:name="ui.data.coregen.dd@252e304a_ARCHIVE_LOCATION">c:/Users/tomgu/Desktop/Semestre_9/SEP/Proyecto_1/IPCores/actualizador_resultado/actualizador_resultado.srcs/sources_1/new</xilinx:tag>
        <xilinx:tag xilinx:name="ui.data.coregen.dd@7c36a6a1_ARCHIVE_LOCATION">c:/Users/tomgu/Desktop/Semestre_9/SEP/Proyecto_1/IPCores/actualizador_resultado/actualizador_resultado.srcs/sources_1/new</xilinx:tag>
        <xilinx:tag xilinx:name="ui.data.coregen.dd@166c2fa8_ARCHIVE_LOCATION">c:/Users/tomgu/Desktop/Semestre_9/SEP/Proyecto_1/IPCores/actualizador_resultado/actualizador_resultado.srcs/sources_1/new</xilinx:tag>
        <xilinx:tag xilinx:name="ui.data.coregen.dd@7aeab07_ARCHIVE_LOCATION">c:/Users/tomgu/Desktop/Semestre_9/SEP/Proyecto_1/IPCores/actualizador_resultado/actualizador_resultado.srcs/sources_1/new</xilinx:tag>
        <xilinx:tag xilinx:name="ui.data.coregen.dd@7dd03dae_ARCHIVE_LOCATION">c:/Users/tomgu/Desktop/Semestre_9/SEP/Proyecto_1/IPCores/actualizador_resultado/actualizador_resultado.srcs/sources_1/new</xilinx:tag>
        <xilinx:tag xilinx:name="ui.data.coregen.dd@1bac8d51_ARCHIVE_LOCATION">c:/Users/tomgu/Desktop/Semestre_9/SEP/Proyecto_1/IPCores/actualizador_resultado/actualizador_resultado.srcs/sources_1/new</xilinx:tag>
        <xilinx:tag xilinx:name="ui.data.coregen.dd@5d24baaa_ARCHIVE_LOCATION">c:/Users/tomgu/Desktop/Semestre_9/SEP/Proyecto_1/IPCores/actualizador_resultado/actualizador_resultado.srcs/sources_1/new</xilinx:tag>
        <xilinx:tag xilinx:name="ui.data.coregen.dd@23036d71_ARCHIVE_LOCATION">c:/Users/tomgu/Desktop/Semestre_9/SEP/Proyecto_1/IPCores/actualizador_resultado/actualizador_resultado.srcs/sources_1/new</xilinx:tag>
        <xilinx:tag xilinx:name="ui.data.coregen.dd@43ea300d_ARCHIVE_LOCATION">c:/Users/tomgu/Desktop/Semestre_9/SEP/Proyecto_1/IPCores/actualizador_resultado/actualizador_resultado.srcs/sources_1/new</xilinx:tag>
        <xilinx:tag xilinx:name="ui.data.coregen.dd@5da5fa03_ARCHIVE_LOCATION">c:/Users/tomgu/Desktop/Semestre_9/SEP/Proyecto_1/IPCores/actualizador_resultado/actualizador_resultado.srcs/sources_1/new</xilinx:tag>
        <xilinx:tag xilinx:name="ui.data.coregen.dd@60fa98ce_ARCHIVE_LOCATION">c:/Users/tomgu/Desktop/Semestre_9/SEP/Proyecto_1/IPCores/actualizador_resultado/actualizador_resultado.srcs/sources_1/new</xilinx:tag>
        <xilinx:tag xilinx:name="ui.data.coregen.dd@1d18b7ec_ARCHIVE_LOCATION">c:/Users/tomgu/Desktop/Semestre_9/SEP/Proyecto_1/IPCores/actualizador_resultado/actualizador_resultado.srcs/sources_1/new</xilinx:tag>
        <xilinx:tag xilinx:name="ui.data.coregen.dd@536e1e1e_ARCHIVE_LOCATION">c:/Users/tomgu/Desktop/Semestre_9/SEP/Proyecto_1/IPCores/actualizador_resultado/actualizador_resultado.srcs/sources_1/new</xilinx:tag>
        <xilinx:tag xilinx:name="ui.data.coregen.dd@4582eaf3_ARCHIVE_LOCATION">c:/Users/tomgu/Desktop/Semestre_9/SEP/Proyecto_1/IPCores/actualizador_resultado/actualizador_resultado.srcs/sources_1/new</xilinx:tag>
        <xilinx:tag xilinx:name="ui.data.coregen.dd@5d132def_ARCHIVE_LOCATION">c:/Users/tomgu/Desktop/Semestre_9/SEP/Proyecto_1/IPCores/actualizador_resultado/actualizador_resultado.srcs/sources_1/new</xilinx:tag>
        <xilinx:tag xilinx:name="ui.data.coregen.dd@48aa13e5_ARCHIVE_LOCATION">c:/Users/tomgu/Desktop/Semestre_9/SEP/Proyecto_1/IPCores/actualizador_resultado/actualizador_resultado.srcs/sources_1/new</xilinx:tag>
        <xilinx:tag xilinx:name="ui.data.coregen.dd@2f373f44_ARCHIVE_LOCATION">c:/Users/tomgu/Desktop/Semestre_9/SEP/Proyecto_1/IPCores/actualizador_resultado/actualizador_resultado.srcs/sources_1/new</xilinx:tag>
        <xilinx:tag xilinx:name="ui.data.coregen.dd@7e33602f_ARCHIVE_LOCATION">c:/Users/tomgu/Desktop/Semestre_9/SEP/Proyecto_1/IPCores/actualizador_resultado/actualizador_resultado.srcs/sources_1/new</xilinx:tag>
        <xilinx:tag xilinx:name="ui.data.coregen.dd@17b07fb9_ARCHIVE_LOCATION">c:/Users/tomgu/Desktop/Semestre_9/SEP/Proyecto_1/IPCores/actualizador_resultado/actualizador_resultado.srcs/sources_1/new</xilinx:tag>
        <xilinx:tag xilinx:name="ui.data.coregen.dd@5476592f_ARCHIVE_LOCATION">c:/Users/tomgu/Desktop/Semestre_9/SEP/Proyecto_1/IPCores/actualizador_resultado/actualizador_resultado.srcs/sources_1/new</xilinx:tag>
        <xilinx:tag xilinx:name="ui.data.coregen.dd@24833b12_ARCHIVE_LOCATION">c:/Users/tomgu/Desktop/Semestre_9/SEP/Proyecto_1/IPCores/actualizador_resultado/actualizador_resultado.srcs/sources_1/new</xilinx:tag>
        <xilinx:tag xilinx:name="ui.data.coregen.dd@5e9a6421_ARCHIVE_LOCATION">c:/Users/tomgu/Desktop/Semestre_9/SEP/Proyecto_1/IPCores/actualizador_resultado/actualizador_resultado.srcs/sources_1/new</xilinx:tag>
        <xilinx:tag xilinx:name="ui.data.coregen.dd@7cdc3cd4_ARCHIVE_LOCATION">c:/Users/tomgu/Desktop/Semestre_9/SEP/Proyecto_1/IPCores/actualizador_resultado/actualizador_resultado.srcs/sources_1/new</xilinx:tag>
        <xilinx:tag xilinx:name="ui.data.coregen.dd@795117a4_ARCHIVE_LOCATION">c:/Users/tomgu/Desktop/Semestre_9/SEP/Proyecto_1/IPCores/actualizador_resultado/actualizador_resultado.srcs/sources_1/new</xilinx:tag>
        <xilinx:tag xilinx:name="ui.data.coregen.dd@788402f_ARCHIVE_LOCATION">c:/Users/tomgu/Desktop/Semestre_9/SEP/Proyecto_1/IPCores/actualizador_resultado/actualizador_resultado.srcs/sources_1/new</xilinx:tag>
        <xilinx:tag xilinx:name="ui.data.coregen.dd@4cdf5428_ARCHIVE_LOCATION">c:/Users/tomgu/Desktop/Semestre_9/SEP/Proyecto_1/IPCores/actualizador_resultado/actualizador_resultado.srcs/sources_1/new</xilinx:tag>
        <xilinx:tag xilinx:name="ui.data.coregen.dd@296c579_ARCHIVE_LOCATION">c:/Users/tomgu/Desktop/Semestre_9/SEP/Proyecto_1/IPCores/actualizador_resultado/actualizador_resultado.srcs/sources_1/new</xilinx:tag>
        <xilinx:tag xilinx:name="ui.data.coregen.dd@690c33b_ARCHIVE_LOCATION">c:/Users/tomgu/Desktop/Semestre_9/SEP/Proyecto_1/IPCores/actualizador_resultado/actualizador_resultado.srcs/sources_1/new</xilinx:tag>
        <xilinx:tag xilinx:name="ui.data.coregen.dd@7978bcac_ARCHIVE_LOCATION">c:/Users/tomgu/Desktop/Semestre_9/SEP/Proyecto_1/IPCores/actualizador_resultado/actualizador_resultado.srcs/sources_1/new</xilinx:tag>
        <xilinx:tag xilinx:name="ui.data.coregen.dd@7b336de5_ARCHIVE_LOCATION">d:/Trabajos_UC/9 noveno semestre/SEP/Proyecto/Proyecto_VI/PRO_F/IPCores1/actualizador_resultado/actualizador_resultado.srcs/sources_1/new</xilinx:tag>
        <xilinx:tag xilinx:name="ui.data.coregen.dd@3da6baf_ARCHIVE_LOCATION">d:/Trabajos_UC/9 noveno semestre/SEP/Proyecto/Proyecto_VI/PRO_F/IPCores1/actualizador_resultado/actualizador_resultado.srcs/sources_1/new</xilinx:tag>
        <xilinx:tag xilinx:name="ui.data.coregen.dd@32639b4f_ARCHIVE_LOCATION">d:/Trabajos_UC/9 noveno semestre/SEP/Proyecto/Proyecto_VI/PRO_F/IPCores1/actualizador_resultado/actualizador_resultado.srcs/sources_1/new</xilinx:tag>
        <xilinx:tag xilinx:name="ui.data.coregen.dd@293c6ecd_ARCHIVE_LOCATION">d:/Trabajos_UC/9 noveno semestre/SEP/Proyecto/Proyecto_VI/PRO_F/IPCores1/actualizador_resultado/actualizador_resultado.srcs/sources_1/new</xilinx:tag>
        <xilinx:tag xilinx:name="ui.data.coregen.dd@3cd5cc7_ARCHIVE_LOCATION">d:/Trabajos_UC/9 noveno semestre/SEP/Proyecto/Proyecto_VI/PRO_F/IPCores1/actualizador_resultado/actualizador_resultado.srcs/sources_1/new</xilinx:tag>
        <xilinx:tag xilinx:name="ui.data.coregen.dd@7adc1659_ARCHIVE_LOCATION">d:/Trabajos_UC/9 noveno semestre/SEP/Proyecto/Proyecto_VI/PRO_F/IPCores1/actualizador_resultado/actualizador_resultado.srcs/sources_1/new</xilinx:tag>
        <xilinx:tag xilinx:name="ui.data.coregen.dd@1ef74422_ARCHIVE_LOCATION">d:/Trabajos_UC/9 noveno semestre/SEP/Proyecto/Proyecto_VI/PRO_F/IPCores1/actualizador_resultado/actualizador_resultado.srcs/sources_1/new</xilinx:tag>
        <xilinx:tag xilinx:name="ui.data.coregen.dd@5b58cfd1_ARCHIVE_LOCATION">d:/Trabajos_UC/9 noveno semestre/SEP/Proyecto/Proyecto_VI/PRO_F/IPCores1/actualizador_resultado/actualizador_resultado.srcs/sources_1/new</xilinx:tag>
        <xilinx:tag xilinx:name="ui.data.coregen.dd@6d766eed_ARCHIVE_LOCATION">d:/Trabajos_UC/9 noveno semestre/SEP/Proyecto/Proyecto_VI/PRO_F/IPCores1/actualizador_resultado/actualizador_resultado.srcs/sources_1/new</xilinx:tag>
        <xilinx:tag xilinx:name="ui.data.coregen.dd@30f19e49_ARCHIVE_LOCATION">d:/Trabajos_UC/9 noveno semestre/SEP/Proyecto/Proyecto_VI/PRO_F/IPCores1/actualizador_resultado/actualizador_resultado.srcs/sources_1/new</xilinx:tag>
        <xilinx:tag xilinx:name="ui.data.coregen.dd@1643b5b9_ARCHIVE_LOCATION">d:/Trabajos_UC/9 noveno semestre/SEP/Proyecto/Proyecto_VI/PRO_F/IPCores1/actualizador_resultado/actualizador_resultado.srcs/sources_1/new</xilinx:tag>
        <xilinx:tag xilinx:name="ui.data.coregen.dd@156f1a23_ARCHIVE_LOCATION">d:/Trabajos_UC/9 noveno semestre/SEP/Proyecto/Proyecto_VI/PRO_F/IPCores1/actualizador_resultado/actualizador_resultado.srcs/sources_1/new</xilinx:tag>
      </xilinx:tags>
    </xilinx:coreExtensions>
    <xilinx:packagingInfo>
      <xilinx:xilinxVersion>2020.1</xilinx:xilinxVersion>
      <xilinx:checksum xilinx:scope="busInterfaces" xilinx:value="a88d4390"/>
      <xilinx:checksum xilinx:scope="fileGroups" xilinx:value="1130cdde"/>
      <xilinx:checksum xilinx:scope="ports" xilinx:value="3905fcf7"/>
      <xilinx:checksum xilinx:scope="parameters" xilinx:value="e8660ae0"/>
    </xilinx:packagingInfo>
  </spirit:vendorExtensions>
</spirit:component>
